SMILES_curated,CAS,logC50,n_measurements
BrC(Br)Br,75-25-2,1.462397997898956,1
BrC(Br)c1ccccc1OCC1CO1,30171-80-3,0.1139433523068367,1
BrC1CCCCC1,108-85-0,1.0791812460476249,1
BrC=C(Br)Br,598-16-3,1.0934216851622351,1
BrCCBr,106-93-4,1.506505032404872,1
BrCCCBr,109-64-8,0.3873898263387294,1
Brc1cc(Br)c(OCCOc2c(Br)cc(Br)cc2Br)c(Br)c1,37853-59-1,3.1492191126553797,1
Brc1ccc(Br)c(Br)c1,615-54-3,-0.2232988160115891,1
Brc1ccc(Br)cc1,106-37-6,0.4771212547196624,1
Brc1ccc(Oc2ccc(Br)cc2Br)c(Br)c1,5436-43-1,0.7299742856995556,1
Brc1ccc(Oc2ccccc2)cc1,101-55-3,0.7708520116421442,1
Brc1ccccc1Br,583-53-9,0.3404441148401183,1
Brc1nc(Br)c(Br)[nH]1,2034-22-2,0.9009130677376692,1
C#CC(C)(C)NC(=O)c1cc(Cl)cc(Cl)c1,23950-58-5,1.0253058652647702,1
C#CC(C)(C)O,115-19-5,3.5171958979499744,1
C#CC(C)(O)C(C)C,1482-15-1,2.311753861055754,1
C#CC(C)(O)CC,77-75-8,3.0644579892269186,1
C#CCC1=C(C)C(OC(=O)C2C(C=C(C)C)C2(C)C)CC1=O,23031-36-9,-1.9208187539523751,1
C#CCCO,927-74-2,1.557507201905658,1
C#CCN(C)c1ccccc1OC(=O)NC,23504-07-6,-0.7958800173440752,1
C#CCN1C(=O)COc2cc(F)c(N3C(=O)C4=C(CCCC4)C3=O)cc21,103361-09-7,0.3617278360175928,1
C#CCO,107-19-7,0.1583624920952496,1
C#CCOC(=O)C(C)Oc1ccc(Oc2ncc(Cl)cc2F)cc1,105512-06-9,-0.619788758288394,1
C#CCOC(=O)C=C(C)C=CCC(C)CCCC(C)C,42588-37-4,2.1367205671564067,1
C#CCOS(=O)OC1CCCCC1Oc1ccc(C(C)(C)C)cc1,2312-35-8,-1.5086383061657274,1
C#CCOc1ccc(CCNC(=O)C(OCC#C)c2ccc(Cl)cc2)cc1OC,374726-62-2,0.6434526764861874,1
C#CCn1cc(O)n(COC(=O)C2C(C=C(C)C)C2(C)C)c1=O,72963-72-5,-1.42021640338319,1
C#N,57-12-5,-0.9136985343950701,6
C/C=C(\C)C(=O)O[C@H]1C[C@@H](OC(C)=O)[C@@]2(C(=O)OC)CO[C@H]3[C@@H](O)[C@@](C)([C@]45O[C@@]4(C)[C@H]4C[C@@H]5O[C@@H]5OC=C[C@@]54O)[C@H]4[C@]1(CO[C@]4(O)C(=O)OC)[C@@H]32,11141-17-6,0.6020599913279624,1
C/C=C/C(=O)Oc1ccccc1[N+](=O)[O-],39300-45-3,-1.8239087409443189,1
C/C=C/C1C(C(=O)OCc2c(F)c(F)c(COC)c(F)c2F)C1(C)C,240494-70-6,-2.9208187539523753,1
C/C=C/C=O,4170-30-3,0.5440680443502757,1
C/C=C/CCCCC,13389-42-9,1.4471580313422192,1
C/C=C/c1ccc(OC)cc1,4180-23-8,0.885926339801431,1
C1=CC2C3C=CC(C3)C2C1,77-73-6,1.4927603890268375,1
C1=CCC2CC=CC2C1,3048-65-5,0.6434526764861874,1
C1=CCCCC1,110-83-8,0.8512583487190752,1
C1CC2OC2CC1C1CO1,106-87-6,1.1760912590556811,1
C1CCC(NC2CCCCC2)CC1,101-83-7,1.0791812460476249,1
C1CCCCC1,110-82-7,2.0681858617461617,1
C1CCOC1,109-99-9,3.3344537511509307,1
C1COCCN1,110-91-8,2.255272505103306,1
C1COCCO1,123-91-1,3.8260748027008264,1
C1N2CN3CN1CN(C2)C3,100-97-0,4.697229342759718,1
C1OCOCO1,110-88-3,3.7745169657285498,1
C=C(Br)CCO,76334-36-6,1.6334684555795866,1
C=C(C)C(=O)O,5536-61-8,1.8195439355418688,1
C=C(C)C(=O)OC,80-62-6,2.2810333672477277,1
C=C(C)C(=O)OC(C)C,4655-34-9,1.57978359661681,1
C=C(C)C(=O)OCC(CC)CCCC,688-84-6,0.4471580313422192,1
C=C(C)C(=O)OCC(F)(F)F,352-87-4,0.919078092376074,1
C=C(C)C(=O)OCC1CCCO1,2455-24-5,1.5403294747908738,1
C=C(C)C(=O)OCC1CO1,106-91-2,0.4471580313422192,1
C=C(C)C(=O)OCCCC,97-88-1,0.7481880270062005,1
C=C(C)C(=O)OCCN(C)C,2867-47-2,1.2787536009528289,1
C=C(C)C(=O)OCCO,868-77-9,2.3560258571931225,1
C=C(C)C(=O)OCCOCC,2370-63-0,1.4424797690644486,1
C=C(C)C(=O)OCc1ccccc1,2495-37-6,0.6693168805661122,1
C=C(C)C1CC=C(C)CC1,138-86-3,1.5854607295085006,1
C=C(C)CN(CC)c1c([N+](=O)[O-])cc(C(F)(F)F)cc1[N+](=O)[O-],55283-68-6,-1.494850021680094,1
C=C(C)[C@H]1CC=C(C)CC1,5989-27-5,-0.1426675035687315,1
C=C(C)[C@H]1Cc2c(ccc3c2O[C@@H]2COc4cc(OC)c(OC)cc4C2C3=O)O1,83-79-4,-2.3458234581220396,1
C=C(C)c1ccc(O)cc1,4286-23-1,0.9637878273455552,1
C=C(C)c1ccccc1,98-83-9,0.8633228601204559,1
C=C(Cl)CSC(=S)N(CC)CC,95-06-7,0.0606978403536116,1
C=C(Cl)Cl,75-35-4,2.342422680822206,1
C=C/C=C\CC1=C(C)[C@@H](OC(=O)C2[C@@H](/C=C(\C)C(=O)OC)C2(C)C)CC1=O,8003-34-7,-1.1307682802690238,1
C=C1C(CCl)(CCl)C2(Cl)C(Cl)C(Cl)C1(Cl)C2(Cl)Cl,8001-35-2,-0.8927900303521317,1
C=C1C2CCC(C2)C1(C)C,79-92-5,0.0681858617461616,1
C=C1CC(=O)O1,674-82-8,0.9444826721501688,1
C=C1CC[C@H]2C[C@@H]1C2(C)C,18172-67-3,-0.2992962828549806,1
C=CC#N,107-13-1,1.3729120029701067,1
C=CC(=C)C,78-79-5,1.1760912590556811,1
C=CC(=C)CCC=C(C)C,123-35-3,-0.0362121726544447,1
C=CC(=O)O,79-10-7,2.4983105537896004,1
C=CC(=O)OC,96-33-3,0.320146286111054,1
C=CC(=O)OC(C)(C)C,1663-39-4,0.320146286111054,1
C=CC(=O)OC1CCCCC1,3066-71-5,0.1702617153949573,1
C=CC(=O)OCC,140-88-5,0.3242824552976926,1
C=CC(=O)OCC(C)C,106-63-8,0.3242824552976926,1
C=CC(=O)OCC(C)O,999-61-1,0.4913616938342727,1
C=CC(=O)OCC(CC)CCCC,103-11-7,0.320146286111054,1
C=CC(=O)OCCCC,141-32-2,0.320146286111054,1
C=CC(=O)OCCCCCC,2499-95-8,0.0374264979406236,1
C=CC(=O)OCCCCCCOC(=O)C=C,13048-33-4,-0.4202164033831898,1
C=CC(=O)OCCN(C)C,2439-35-2,0.9294189257142929,1
C=CC(=O)OCCO,818-61-1,0.6812412373755872,1
C=CC(C)(O)CC/C=C(\C)CCC=C(C)C,7212-44-4,0.255272505103306,1
C=CC(C)(O)CCC=C(C)C,78-70-6,1.591064607026499,1
C=CC(Cl)CCl,760-23-6,1.4313637641589874,1
C=CC(N)=O,79-06-1,2.037426497940624,1
C=CC1(C)OC(=O)N(c2cc(Cl)cc(Cl)c2)C1=O,50471-44-8,1.6766936096248666,1
C=CC1=CCCCC1,100-40-3,0.6627578316815741,1
C=CC1OCCO1,3984-22-3,1.8129133566428557,1
C=CC=O,107-02-8,-1.214670164989233,1
C=CCC#N,109-75-1,2.2600713879850747,1
C=CCC(O)C=C,924-41-4,1.5809249756756194,1
C=CCC1=C(C)C(OC(=O)C2C(C=C(C)C)C2(C)C)CC1=O,584-79-2,-1.269217724333611,1
C=CCCCCCC,111-66-0,0.6812412373755872,1
C=CCCCCCCC,124-11-8,1.0,1
C=CCCCCCCCCCC,112-41-4,0.414973347970818,1
C=CCCl,107-05-1,1.2966651902615312,1
C=CCN,107-11-9,1.4313637641589874,1
C=CCN(CC=C)C(=O)C(Cl)Cl,37764-25-3,2.1492191126553797,1
C=CCN=C=S,57-06-7,-1.1135092748275182,1
C=CCNCC=C,124-02-7,1.3010299956639813,1
C=CCNc1ccccc1,589-09-3,1.5550944485783191,1
C=CCO,107-18-6,-0.494850021680094,1
C=CCOC(=O)C(=C)C,96-05-9,-0.00436480540245,1
C=CCOC(=O)C(C)(C)OC(=O)c1cc(-n2c(=O)cc(C(F)(F)F)n(C)c2=O)ccc1Cl,134605-64-4,0.5910646070264992,1
C=CCOC(=O)c1ccccc1C(=O)OCC=C,131-17-9,-0.3990271043132517,1
C=CCOC(Cn1ccnc1)c1ccc(Cl)cc1Cl,35554-44-0,0.1702617153949573,1
C=CCc1ccc(O)c(OC)c1,97-53-0,1.783903579272735,1
C=CCc1ccc(OC)c(OC)c1,93-15-2,1.146128035678238,1
C=CCc1ccccc1O,1745-81-9,1.1643528557844371,1
C=COC(C)=O,108-05-4,1.414973347970818,1
C=COCCCl,110-75-8,2.5440680443502757,1
C=C[C@H]1CN2CC[C@H]1C[C@H]2[C@H](O)c1ccnc2ccc(OC)cc12,804-63-7,1.5314789170422551,1
C=Cc1ccccc1,100-42-5,0.6106601630898799,1
C=Cc1ccccn1,100-69-6,0.8129133566428556,1
C=Cn1c2ccccc2c2ccccc21,1484-13-5,-2.494850021680094,1
C=O,50-00-0,1.7708520116421442,1
CBr,74-83-9,-3.096910013008056,1
CC#CCO,764-01-2,1.0043213737826426,1
CC#N,75-05-8,3.214843848047698,1
CC(=N)NP(=S)(Oc1ccc(Cl)cc1)Oc1ccc(Cl)cc1,4104-14-7,-0.3467874862246563,1
CC(=O)/C=C/c1cccc(Cl)c1,20766-36-3,0.4771212547196624,1
CC(=O)Br,506-96-7,1.608526033577194,1
CC(=O)C(=NNc1cc(S(N)(=O)=O)ccc1O)C(=O)Nc1ccccc1,12715-61-6,1.462397997898956,1
CC(=O)C(C)(C)C,75-97-8,1.9395192526186185,1
CC(=O)C(C)C,563-80-4,2.936513742478893,1
CC(=O)C(C)CN(C)C,22104-62-7,0.9294189257142929,1
CC(=O)C=Cc1ccccc1,122-57-6,0.7558748556724915,1
CC(=O)C=Cc1ccco1,623-15-4,1.3222192947339193,1
CC(=O)CC(C)(C)O,123-42-2,2.6232492903979003,1
CC(=O)CC(C)=O,123-54-6,2.0253058652647704,1
CC(=O)CC(C)C,108-10-1,2.7032913781186614,1
CC(=O)CC(c1ccccc1)c1c(O)c2ccccc2oc1=O,81-81-2,-1.4647058799572297,1
CC(=O)CCC(C)C,110-12-3,2.2013971243204513,1
CC(=O)CCC=C(C)C,110-93-0,1.932980821923198,1
CC(=O)CCc1ccc(OC(C)=O)cc1,3572-06-3,1.2041199826559248,1
CC(=O)Cl,75-36-5,1.6232492903979006,1
CC(=O)Nc1cc(NS(=O)(=O)C(F)(F)F)c(C)cc1C,53780-34-0,3.2095150145426308,1
CC(=O)Nc1ccc(O)cc1,103-90-2,2.910624404889201,1
CC(=O)Nc1cccc(O)c1,621-42-1,3.05307844348342,1
CC(=O)Nc1ccccc1,103-84-4,2.0,1
CC(=O)Nc1ccccc1O,614-80-2,2.0253058652647704,1
CC(=O)O,64-19-7,1.43753063169585,4
CC(=O)OC1CC(C)OC(C)O1,828-00-2,1.6434526764861874,1
CC(=O)OCC(C)C,110-19-0,2.093421685162235,1
CC(=O)OCCOC(C)=O,111-55-7,1.9542425094393248,1
CC(=O)OCc1ccccc1,140-11-4,0.6020599913279624,1
CC(=O)Oc1c([N+](=O)[O-])cc([N+](=O)[O-])cc1C(C)(C)C,3204-27-1,-1.408935392973501,1
CC(=O)c1cc2ccccc2s1,22720-75-8,1.0,1
CC(=O)c1ccc(Cl)c(Cl)c1Cl,13608-87-2,0.3010299956639812,1
CC(=O)c1ccc(Cl)c([N+](=O)[O-])c1,5465-65-6,0.741151598851785,1
CC(=O)c1ccc(Cl)cc1Cl,2234-16-4,1.0681858617461617,1
CC(=O)c1cccc(N)c1,99-03-6,2.582063362911709,1
CC(=O)c1ccccc1,98-86-2,2.2095150145426308,1
CC(=O)c1ccccc1O,118-93-4,2.060697840353612,1
CC(=O)c1cccn1C,932-16-1,2.1958996524092336,1
CC(=O)c1ccncc1,1122-54-9,2.225309281725863,1
CC(C(NCCN)c1ccccc1)[N+](=O)[O-],14762-38-0,0.2787536009528289,1
CC(C(O)c1ccc(O)cc1)N1CCC(Cc2ccccc2)CC1,23210-56-2,0.9400181550076632,1
CC(C)(C)C(=O)C(Oc1ccc(Cl)cc1)n1cncn1,43121-43-3,1.041392685158225,1
CC(C)(C)C(=O)C1C(=O)c2ccccc2C1=O,83-26-1,-0.6777807052660807,1
CC(C)(C)C(O)(CCc1ccc(Cl)cc1)Cn1cncn1,107534-96-3,1.428134794028789,1
CC(C)(C)C(O)C(Oc1ccc(-c2ccccc2)cc1)n1cncn1,55179-31-2,0.3222192947339193,1
CC(C)(C)C(O)C(Oc1ccc(Cl)cc1)n1cncn1,55219-65-3,1.146128035678238,1
CC(C)(C)C=Cc1ccccc1,25338-51-6,-0.3053948010664313,1
CC(C)(C)CC(C)(C)c1ccc(O)cc1,140-66-9,-0.431798275933005,1
CC(C)(C)CC(C)(C)c1ccc(OCCO)cc1,9002-93-1,0.7781512503836436,1
CC(C)(C)CC(C)(C)c1ccc(OCCOCC[N+](C)(C)Cc2ccccc2)cc1,121-54-0,0.146128035678238,1
CC(C)(C)CCCCCC(=O)O,28801-69-6,1.2180813235203782,2
CC(C)(C)N,75-64-9,2.4313637641589874,1
CC(C)(C)NSc1nc2ccccc2s1,95-31-8,0.146128035678238,1
CC(C)(C)SSC(C)(C)C,110-06-5,0.1367205671564068,1
CC(C)(C)[C@H](O)[C@H](Cc1ccc(Cl)cc1)n1cncn1,76738-62-0,1.3117538610557542,1
CC(C)(C)c1cc(C(C)(C)C)c(O)c(C(C)(C)C)c1,732-26-3,-1.2111248842245832,1
CC(C)(C)c1ccc(C(=O)O)cc1,98-73-7,1.5185139398778875,1
CC(C)(C)c1ccc(C(N)=O)cc1,56108-12-4,1.503790683057181,1
CC(C)(C)c1ccc(CCOc2ncnc3ccccc23)cc1,120928-09-8,-2.408935392973501,1
CC(C)(C)c1ccc(CSc2cnn(C(C)(C)C)c(=O)c2Cl)cc1,96489-71-3,-3.136677139879544,1
CC(C)(C)c1ccc(O)c(C(C)(C)C)c1,96-76-4,-0.1674910872937636,1
CC(C)(C)c1ccc(O)cc1,98-54-4,0.8388490907372553,1
CC(C)(C)c1ccc(OP(=O)(Oc2ccccc2)Oc2ccccc2)c(C(C)(C)C)c1,100473-08-3,0.2304489213782739,1
CC(C)(C1CCC(O)CC1)C1CCC(O)CC1,80-04-6,1.2787536009528289,1
CC(C)(O)C#N,75-86-5,-0.2441251443275086,1
CC(C)(OOC(C)(C)c1ccccc1)c1ccccc1,80-43-3,-0.3279021420642826,1
CC(C)(c1cc(Br)c(O)c(Br)c1)c1cc(Br)c(O)c(Br)c1,79-94-7,-0.1487416512809247,1
CC(C)(c1ccc(O)cc1)c1ccc(O)cc1,80-05-7,0.6720978579357175,1
CC(C)(c1ccc(OCCO)cc1)c1ccc(OCCO)cc1,901-44-0,1.3222192947339193,1
CC(C)(c1ccccc1)c1ccc(O)cc1,599-64-4,0.0791812460476248,1
CC(C)=C1C=C2CC[C@@H]3[C@](C)(CCC[C@@]3(C)C(=O)O)[C@H]2CC1,471-77-2,0.2329961103921538,1
CC(C)=CC1C(C(=O)OC(C#N)c2cccc(Oc3ccccc3)c2)C1(C)C,39515-40-7,-1.3124710387853658,1
CC(C)=CC1C(C(=O)OCN2C(=O)C3=C(CCCC3)C2=O)C1(C)C,7696-12-0,-0.9208187539523752,1
CC(C)=CC1C(C(=O)OCc2ccc(C)cc2C)C1(C)C,70-38-2,-1.619788758288394,1
CC(C)=CC1C(C(=O)OCc2cccc(Oc3ccccc3)c2)C1(C)C,26002-80-2,-1.978810700930062,1
CC(C)=CC1C(C(=O)OCc2coc(Cc3ccccc3)c2)C1(C)C,10453-86-8,-2.721246399047171,1
CC(C)=CCC/C(C)=C/CC/C(C)=C/CO,4602-84-0,0.255272505103306,1
CC(C)=CCC/C(C)=C/CN(C/C=C(\C)CCC=C(C)C)CCO,19902-04-6,-0.9507819773298184,1
CC(C)=CCC/C(C)=C/CO,106-24-1,0.414973347970818,1
CC(C)=CCO,556-82-1,1.6720978579357175,1
CC(C)=C[C@@H]1C(C(=O)OCc2coc(Cc3ccccc3)c2)C1(C)C,28434-01-7,-1.853871964321762,1
CC(C)=O,67-64-1,4.041392685158225,1
CC(C)C(=O)Nc1ccc([N+](=O)[O-])c(C(F)(F)F)c1,13311-84-7,0.2833012287035495,1
CC(C)C(=O)O,22228-82-6,2.45178643552429,1
CC(C)C(C(=O)OC(C#N)c1cccc(Oc2ccccc2)c1)c1ccc(Cl)cc1,51630-58-1,-1.8239087409443189,1
CC(C)C(C(=O)OC(C#N)c1cccc(Oc2ccccc2)c1)c1ccc(OC(F)F)cc1,70124-77-5,-3.2218487496163566,1
CC(C)C(C(=O)O[C@@H](C#N)c1cccc(Oc2ccccc2)c1)c1ccc(Cl)cc1,66267-77-4,-1.3466266959611441,2
CC(C)C(C(=O)O[C@H](C#N)c1cccc(Oc2ccccc2)c1)c1ccc(Cl)cc1,67614-32-8,-0.978810700930062,1
CC(C)C(Nc1ccc(C(F)(F)F)cc1Cl)C(=O)OC(C#N)c1cccc(Oc2ccccc2)c1,69409-94-5,-2.463507627686035,2
CC(C)C(O)(c1ccc(OC(F)(F)F)cc1)c1cncnc1,56425-91-3,1.1818435879447726,1
CC(C)C1(C)N=C(c2nc3ccccc3cc2C(=O)O)NC1=O,81335-37-7,2.447158031342219,1
CC(C)C1(C)N=C(c2ncccc2C(=O)O)NC1=O,81334-34-1,1.2410936567722937,2
CC(C)C1CCC(Cc2ccc(Cl)cc2)C1(O)Cn1cncn1,125225-28-7,0.1846914308175988,1
CC(C)CC(C)(c1ccc(O)cc1)c1ccc(O)cc1,6807-17-6,0.4313637641589873,1
CC(C)CC(C)Nc1ccc(Nc2ccccc2)cc1,793-24-8,-1.537602002101044,1
CC(C)CC(C)c1sccc1NC(=O)c1cn(C)nc1C(F)(F)F,183675-82-3,0.1789769472931694,1
CC(C)CCCCCCCCCCNCCCCCCCCCCC(C)C,57157-80-9,3.113943352306837,1
CC(C)CCCCCCCO,25339-17-7,0.7708520116421442,1
CC(C)CCCCCCCOP(=O)(Oc1ccccc1)Oc1ccccc1,29761-21-5,2.620524075335822,2
CC(C)CCCCCOC(=O)C(C)Oc1cc(Cl)c(Cl)cc1Cl,32534-95-5,1.3424226808222062,1
CC(C)CCCCCOC(=O)COc1cc(Cl)c(Cl)cc1Cl,25168-15-4,1.230448921378274,1
CC(C)CCCCCOC(=O)COc1ccc(Cl)cc1Cl,25168-26-7,1.255272505103306,1
CC(C)CCOCCC(C)C,544-01-4,0.8325089127062363,1
CC(C)CO,78-83-1,3.123851640967086,1
CC(C)COC(=S)S,25306-75-6,1.845098040014257,1
CC(C)N,75-31-0,3.731588765186739,1
CC(C)N(C(=O)CCl)c1ccccc1,1918-16-7,-0.5528419686577808,1
CC(C)N(C(=O)COc1nnc(C(F)(F)F)s1)c1ccc(F)cc1,142459-58-3,0.3541084391474008,1
CC(C)N(C(=O)SCC(Cl)=C(Cl)Cl)C(C)C,2303-17-5,0.0,1
CC(C)N1C(=O)c2ccccc2NS1(=O)=O,25057-89-0,3.306508415141841,2
CC(C)NC(=O)n1cc(O)n(-c2cc(Cl)cc(Cl)c2)c1=O,36734-19-7,0.7993405494535817,1
CC(C)NC(C)C,108-18-9,3.204119982655925,1
CC(C)NCC(O)COc1cccc2ccccc12,525-66-6,1.0569048513364727,1
CC(C)Nc1nc(Cl)nc(NC2CC2)n1,22936-86-3,-0.0259490972071226,1
CC(C)O,67-63-0,4.017033339298781,1
CC(C)OC(=O)C(C(=O)OC(C)C)=C1SCCS1,50512-35-1,0.9084850188786496,1
CC(C)OC(=O)COc1ccc(Cl)cc1Cl,94-11-1,-0.5086383061657274,1
CC(C)OC(=O)Nc1cccc(Cl)c1,101-21-3,0.4800069429571506,1
CC(C)OC(=O)Nc1ccccc1,122-42-9,1.462397997898956,1
CC(C)OC(=S)S,140-93-2,1.255272505103306,1
CC(C)OC(C)C,108-20-3,3.845098040014257,1
CC(C)OCCO,109-59-1,3.737987326333431,1
CC(C)OP(=O)(OC(C)C)SCc1ccccc1,26087-47-8,1.130333768495006,1
CC(C)OP(=S)(OC(C)C)SCCNS(=O)(=O)c1ccccc1,741-58-2,0.505149978319906,1
CC(C)OP(C)(=O)OC(C)C,1445-75-6,2.682145076373832,1
CC(C)Oc1cc(-n2nc(C(C)(C)C)oc2=O)c(Cl)cc1Cl,19666-30-9,0.0,1
CC(C)Oc1cccc(NC(=O)c2ccccc2C(F)(F)F)c1,66332-96-5,0.6812412373755872,1
CC(C)c1cc([N+](=O)[O-])cc([N+](=O)[O-])c1O,118-95-6,-0.619788758288394,1
CC(C)c1ccc(C=O)cc1,122-03-2,0.8208579894396999,1
CC(C)c1ccc(N)cc1,99-88-7,1.662757831681574,1
CC(C)c1ccc2c(c1)CC[C@H]1[C@](C)(C(=O)O)CCC[C@]21C,1740-19-8,0.021189299069938,1
CC(C)c1cccc(C(C)C)c1N,24544-04-5,1.1522883443830565,1
CC(C)c1cccc2ccccc12,29253-36-9,-0.1307682802690238,1
CC(C)c1ccccc1C(C)C,25321-09-9,-0.0409586076789063,1
CC(C)c1ccccc1OP(=O)(Oc1ccccc1)Oc1ccccc1,96300-97-9,-0.0457574905606751,1
CC(C1CC1)C(O)(Cn1cncn1)c1ccc(Cl)cc1,94361-06-5,1.2787536009528289,1
CC(CCO)CC(C)(C)C,3452-97-9,1.4471580313422192,1
CC(CCl)[N+](=O)[O-],2425-66-3,-0.958607314841775,1
CC(CN1COC(C)C1)OCOCOCO,97553-90-7,2.447158031342219,1
CC(COc1ccc(C(C)(C)C)cc1)OS(=O)OCCCl,140-57-8,-0.4814860601221125,1
CC(COc1ccc(Oc2ccccc2)cc1)Oc1ccccn1,95737-68-1,-0.3467874862246563,1
CC(Cc1ccc(C(C)(C)C)cc1)CN1C[C@@H](C)O[C@@H](C)C1,67564-91-4,0.3242824552976926,1
CC(Cl)(Cl)C(=O)O,75-99-0,3.371715682573342,2
CC(Cl)(Cl)C(=O)OCCOc1cc(Cl)c(Cl)cc1Cl,136-25-4,0.7160033436347992,1
CC(Cl)(Cl)Cl,71-55-6,2.0211892990699383,1
CC(Cl)CCl,78-87-5,1.489318474192237,2
CC(Cl)Cl,1300-21-6,2.7403626894942437,1
CC(N)=O,60-35-5,4.123851640967086,1
CC(N)=S,62-55-5,2.4313637641589874,1
CC(N)CN,78-90-0,3.103803720955957,1
CC(O)(c1ccc(Cl)cc1)c1ccc(Cl)cc1,80-06-8,-0.0457574905606751,1
CC(O)C#N,78-97-7,-0.1487416512809247,1
CC(O)C(=O)O,50-21-5,2.41161970596323,1
CC(O)CCl,127-00-4,2.3891660843645326,1
CC(O)CN,78-96-6,3.401400540781544,1
CC(O)CN(CC(C)O)CC(C)O,6753-47-5,2.258716720448887,2
CC(O)CNCC(C)O,110-97-4,3.167317334748176,1
CC(O)CO,57-55-6,4.532754378992498,1
CC(O)CSS(C)(=O)=O,30388-01-3,1.4471580313422192,1
CC(Oc1cc(Cl)c(Cl)cc1Cl)C(=O)O,93-72-1,0.9822712330395684,1
CC(Oc1ccc(Cl)cc1Cl)C(=O)O,120-36-5,2.0856144983625255,2
CC(Oc1ccc(Oc2cnc3cc(Cl)ccc3n2)cc1)C(=O)O,100646-51-3,-0.6777807052660807,1
CC(Oc1ccc(Oc2nc3ccc(Cl)cc3o2)cc1)C(=O)O,95617-09-7,-0.6298186552528781,2
CC(Oc1ccc(Oc2ncc(C(F)(F)F)cc2Cl)cc1)C(=O)O,69806-34-4,2.583198773968623,1
CC(c1ccccc1)c1cc(C(C)c2ccccc2)c(O)c(C(C)c2ccccc2)c1,18254-13-2,0.7481880270062005,1
CC(c1ccccc1)c1ccc(O)c(C(C)c2ccccc2)c1,2769-94-0,0.7481880270062005,1
CC/C=C/CCO,928-97-2,2.432969290874406,1
CC1(C(=O)Nc2ccc(O)c(Cl)c2Cl)CCCCC1,126833-17-8,0.093421685162235,1
CC1(C)C(/C=C(\Cl)C(F)(F)F)C1C(=O)OC(C#N)c1cccc(Oc2ccccc2)c1,68085-85-8,-3.337242168318426,1
CC1(C)C(=O)N(Br)C(=O)N1Br,77-48-5,-0.7958800173440752,1
CC1(C)C(=O)N(CO)C(=O)N1CO,6440-58-0,2.2380461031287955,1
CC1(C)C(=O)N(Cl)C(=O)N1Br,16079-88-2,-0.8538719643217619,1
CC1(C)C(=O)N(Cl)C(=O)N1Cl,118-52-5,-0.0409586076789063,1
CC1(C)C(C(=O)OC(C#N)c2cccc(Oc3ccccc3)c2)C1(C)C,39515-41-8,-2.5228787452803374,1
CC1(C)C(C(=O)OCc2coc(Cc3ccccc3)c2)[C@H]1C=C1CCCC1,22431-62-5,-3.628932137728264,1
CC1(C)C(C(=O)O[C@@H](C#N)c2cccc(Oc3ccccc3)c2)[C@H]1/C=C(\Cl)C(F)(F)F,91465-08-6,-2.578396073130169,1
CC1(C)C(C(=O)O[C@H](C#N)c2cccc(Oc3ccccc3)c2)[C@@H]1/C=C(\Cl)C(F)(F)F,76703-62-3,-3.5228787452803374,1
CC1(C)C(C(=O)O[C@H](C#N)c2cccc(Oc3ccccc3)c2)[C@@H]1C(Br)C(Br)(Br)Br,66841-25-6,-2.795880017344075,1
CC1(C)C(C(=O)O[C@H](C#N)c2cccc(Oc3ccccc3)c2)[C@@H]1C=C(Br)Br,52918-63-5,-3.9172146296835497,1
CC1(C)C(C(=O)O[C@H](C#N)c2cccc(Oc3ccccc3)c2)[C@@H]1C=C(Cl)Cl,67375-30-8,-2.3010299956639813,1
CC1(C)C(C=C(Cl)Cl)C1C(=O)OC(C#N)c1ccc(F)c(Oc2ccccc2)c1,68359-37-5,-2.96657624451305,1
CC1(C)C(C=C(Cl)Cl)C1C(=O)OC(C#N)c1cccc(Oc2ccccc2)c1,52315-07-8,-2.0570004066339593,1
CC1(C)C(C=C(Cl)Cl)C1C(=O)OCc1cccc(Oc2ccccc2)c1,52645-53-1,-1.712198270069774,1
CC1(C)C2(Cl)C(Cl)C(Cl)C(Cl)(C(Cl)Cl)C1(Cl)C2Cl,8001-50-1,-2.0757207139381184,1
CC1(C)C2C(C(Cl)(Cl)Cl)=C(Cl)C(Cl)(Cl)C1(Cl)C2Cl,25267-15-6,-2.0604807473813813,1
CC1(C)CC(=O)CC(C)(C)N1[O],2896-70-0,-1.0,1
CC1(C)CC(O)CC(C)(C)N1,2403-88-5,2.374748346010104,1
CC1(C)CC(OC(=O)CCCCCCCCC(=O)OC2CC(C)(C)NC(C)(C)C2)CC(C)(C)N1,52829-07-9,0.724275869600789,1
CC1(C)CCC(Cc2ccc(Cl)cc2)C1(O)Cn1cncn1,125116-23-6,0.5185139398778874,1
CC1(C)CN=C(NN=C(C=Cc2ccc(C(F)(F)F)cc2)C=Cc2ccc(C(F)(F)F)cc2)NC1,67485-29-4,-1.154901959985743,1
CC1(C)COCN1,51200-87-4,1.7708520116421442,1
CC1(C)CON(Cc2ccccc2Cl)C1=O,81777-89-1,1.2787536009528289,1
CC1(C)OCC(CO)O1,100-79-8,4.222716471147583,1
CC1(C)[C@@H]2CC[C@@]1(C)C(=O)C2Br,10293-06-8,1.8356905714924256,1
CC1(C)[C@@H]2CC[C@@]1(C)[C@H](OC(=O)CSC#N)C2,115-31-1,-0.9625735020593764,1
CC1(C)[C@H]2CC[C@]1(C)[C@H](O)C2,464-45-9,1.8312296938670631,1
CC1(c2ccc(Oc3ccccc3)cc2)OC(=O)N(Nc2ccccc2)C1=O,131807-57-3,-1.9208187539523751,1
CC1=C(C(=O)Nc2ccccc2)S(=O)(=O)CCO1,5259-88-1,1.2988530764097066,1
CC1=C(C(=O)Nc2ccccc2)SCCO1,5234-68-4,0.0791812460476248,1
CC1=CC(=O)CC(C)(C)C1,78-59-1,2.146128035678238,1
CC1=CC(=O)c2ccccc2C1=O,58-27-5,-0.958607314841775,1
CC1=CC=C(C(C)C)CC1,99-86-5,0.4983105537896005,1
CC1=CCC(=C(C)C)CC1,586-62-9,0.08278537031645,1
CC1=CCC(C(C)(C)O)CC1,98-55-5,0.7993405494535817,1
CC1=CCC2CC1C2(C)C,80-56-8,0.7226339225338123,1
CC1=CC[C@@H]2C[C@H]1C2(C)C,7785-70-8,-0.5528419686577808,1
CC1CC(CC2CCC(N)C(C)C2)CCC1N,6864-37-5,1.3424226808222062,1
CC1CCC(C(C)C)CC1,99-82-1,-0.721246399047171,1
CC1CCCC(C)C1,591-21-9,0.99563519459755,1
CC1CCCCC1,108-87-2,2.255272505103306,1
CC1CCCCC1NC(=O)Nc1ccccc1,1982-49-6,0.9084850188786496,1
CC1CCCCN1CCCOC(=O)c1ccc(Cl)c(Cl)c1,3478-94-2,0.3010299956639812,1
CC1CCOB(OCCC(C)OB2OCCC(C)O2)O1,2665-13-6,1.8512583487190752,1
CC1CO1,75-56-9,2.1492191126553797,1
CC1COC(Cn2cncn2)(c2ccc(Oc3ccc(Cl)cc3)cc2Cl)O1,119446-68-3,-0.0915149811213502,1
CC1Cc2c3c(c4c(c2S(=O)(=O)O1)C1(CC1C)C4C)CC3C,11067-81-5,1.255272505103306,1
CC1OC(C)OC(C)OC(C)O1,108-62-3,2.1760912590556813,1
CC=C1CC2C=CC1C2,16219-75-3,0.8450980400142568,1
CC=CC=CC,592-46-1,1.3138672203691537,1
CC=CC=CC(=O)O,110-44-1,1.8750612633917,1
CC=O,75-07-0,1.7242758696007892,1
CCC(=NOC/C=C/Cl)C1C(=O)CC(C2CCOCC2)CC1=O,149979-41-9,0.6483600109809317,1
CCC(=O)CC,96-22-0,3.187520720836463,1
CCC(=O)Nc1ccc(Cl)c(Cl)c1,709-98-8,-0.3665315444204134,1
CCC(=O)O,79-09-4,2.8682380910138483,2
CCC(C(c1ccc(Cl)cc1)c1ccc(Cl)cc1)[N+](=O)[O-],8027-00-7,-1.853871964321762,1
CCC(C)(C)c1ccc(O)cc1,80-46-6,0.4132997640812518,1
CCC(C)(NC(=O)c1cc(Cl)c(C)c(Cl)c1)C(=O)CCl,156052-68-5,-0.8068754016455384,1
CCC(C)=NO,96-29-7,2.9258275746247424,1
CCC(C)=O,78-93-3,3.507855871695831,1
CCC(C)C(=O)O[C@H]1C[C@@H](OC(C)=O)[C@@]2(C(=O)OC)CO[C@H]3[C@@H](O)[C@@](C)([C@]45O[C@@]4(C)[C@H]4C[C@@H]5O[C@@H]5OCC[C@@]54O)[C@H]4[C@]1(CO[C@]4(O)C(=O)OC)[C@@H]32,108168-76-9,1.568201724066995,1
CCC(C)N,13952-84-6,2.439332693830263,1
CCC(C)Nc1c([N+](=O)[O-])cc(C(C)(C)C)cc1[N+](=O)[O-],33629-47-9,-0.431798275933005,1
CCC(C)OC(=S)S,36551-21-0,2.220108088040055,1
CCC(C)SP(=O)(O)SC(C)CC,52797-94-1,2.7781512503836434,1
CCC(C)c1cc([N+](=O)[O-])cc([N+](=O)[O-])c1O,88-85-7,-0.1549019599857432,1
CCC(C)c1cc([N+](=O)[O-])cc([N+](=O)[O-])c1OC(=O)C=C(C)C,485-31-4,-1.3665315444204136,1
CCC(C)c1cc([N+](=O)[O-])cc([N+](=O)[O-])c1OC(=O)OC(C)C,973-21-7,-1.958607314841775,1
CCC(C)c1ccc(O)cc1,99-71-8,0.414973347970818,1
CCC(C)c1cccc(C(C)CC)c1O,5510-99-6,-0.8239087409443188,1
CCC(C)c1cccc(OC(=O)N(C)Sc2ccccc2)c1,25474-41-3,-2.154901959985743,1
CCC(C)c1ccccc1OC(=O)NC,3766-81-2,0.167317334748176,1
CCC(C)n1c(=O)[nH]c(C)c(Br)c1=O,314-40-9,2.5401364237353574,2
CCC(CC)C(=O)O,88-09-5,1.9294189257142929,1
CCC(CC)C(=O)OCCOCCOCCOC(=O)C(CC)CC,95-08-9,0.9731278535996988,1
CCC(CC)Nc1c([N+](=O)[O-])cc(C)c(C)c1[N+](=O)[O-],40487-42-1,-0.8601209135987634,1
CCC(CN1CCOCC1)[N+](=O)[O-],2224-44-4,-0.1249387366082999,1
CCC(Cl)Cl,78-99-9,1.9912260756924949,1
CCC(O)C(C)CO,149-31-5,4.049218022670182,1
CCC1(c2ccccc2)C(=O)NC(=O)NC1=O,50-06-6,2.6857417386022635,1
CCC12COCN1COC2,7747-35-5,2.113943352306837,1
CCC1CCC(CCC(=O)O)C1,61790-13-4,1.6989700043360187,1
CCC1CCCCC1,1678-91-7,-0.1249387366082999,1
CCC1COC(=O)O1,4437-85-8,2.6627578316815743,1
CCC=O,123-38-6,2.113943352306837,1
CCCC(=NOCC)C1C(=O)CC(CC(C)SCC)CC1=O,74051-80-2,0.0791812460476248,1
CCCC(=O)OC(C(Cl)(Cl)Cl)P(=O)(OC)OC,126-22-7,1.255272505103306,1
CCCC(=O)Oc1c(Br)cc(C#N)cc1Br,3861-41-4,-1.537602002101044,1
CCCC(C)c1cccc(OC(=O)NC)c1,2282-34-0,-0.5316526695878427,1
CCCC/C=C/CC/C=C\CCCCCCOC(C)=O,53042-79-8,1.9772662124272928,1
CCCC1COC(Cn2cncn2)(c2ccc(Cl)cc2Cl)O1,60207-90-1,0.255272505103306,1
CCCC=O,123-72-8,1.1271047983648077,1
CCCCC(=O)CCCC,502-56-7,1.4913616938342726,1
CCCCC(C#N)(Cn1cncn1)c1ccc(Cl)cc1,88671-89-0,0.380211241711606,1
CCCCC(C)O,626-93-7,2.531478917042255,1
CCCCC(CC)C(=O)O,136-53-8,-0.3565473235138126,1
CCCCC(CC)C(=O)OOC(C)(C)C,3006-82-4,0.6627578316815741,1
CCCCC(CC)CO,104-76-7,1.505149978319906,1
CCCCC(CC)COC(=O)CC(C(=O)OCC(CC)CCCC)S(=O)(=O)O,577-11-7,1.8325089127062364,1
CCCCC(CC)COC(=O)COc1ccc(Cl)cc1Cl,1928-43-4,1.7075701760979365,1
CCCCC(CC)COC(=O)c1ccccc1C(=O)OCC(CC)CCCC,117-81-7,3.0453229787866576,1
CCCCC(CC)COP(=O)(O)OCC(CC)CCCC,298-07-7,4.531478917042255,1
CCCCC(CC)Cn1c(O)c2c(c1O)[C@H]1C=C[C@@H]2C1,113-48-4,0.3010299956639812,1
CCCCC(O)(Cn1cncn1)c1ccc(Cl)cc1Cl,79983-71-4,0.5797835966168101,1
CCCCC=CCCCCCCO,20056-92-2,0.4471580313422192,1
CCCCC=O,110-62-3,1.1139433523068367,1
CCCCCC,110-54-3,2.05307844348342,1
CCCCCC(=O)O,142-62-1,2.505149978319906,1
CCCCCC(=O)OCC,123-66-0,0.9513375187959175,1
CCCCCC(C)(CC)C(=O)NC,105726-67-8,1.8573324964312683,1
CCCCCC(C=O)=Cc1ccccc1,122-40-7,-0.0409586076789063,1
CCCCCC1OC1C/C=C\CCCCCCCC(=O)O,1929-77-7,0.3979400086720376,1
CCCCCC=O,66-25-1,1.146128035678238,1
CCCCCCC,142-82-5,2.574031267727719,1
CCCCCCC(=O)O,111-14-8,1.8750612633917,1
CCCCCCC(=O)Oc1c(Br)cc(C#N)cc1Br,56634-95-8,-1.537602002101044,1
CCCCCCC(C)=O,111-13-7,1.6618126855372612,1
CCCCCCC(C)N,693-16-3,0.7084209001347128,1
CCCCCCC(C)OC(=O)C(C)Oc1ccc(Cl)cc1Cl,28631-35-8,1.6232492903979006,1
CCCCCCC(C)OC(=O)COc1nc(F)c(Cl)c(N)c1Cl,81406-37-3,1.2787536009528289,1
CCCCCCC1C(=O)O[C@H](C)C(NC(=O)c2cccc(NC=O)c2O)C(=O)O[C@@H](C)[C@@H]1OC(=O)CC(C)C,1397-94-0,-4.376750709602099,1
CCCCCCCC,111-65-9,-0.3767507096020995,1
CCCCCCCC(=O)Oc1c(Br)cc(C#N)cc1Br,1689-99-2,-1.3767507096020994,1
CCCCCCCC/C=C\CCCCCCCC(=O)N(CCO)CCO,93-83-4,0.1760912590556812,1
CCCCCCCC/C=C\CCCCCCCC(=O)O,112-80-1,1.3617278360175928,3
CCCCCCCC/C=C\CCCCCCCCNCCCN,2212-59-1,-0.5086383061657274,1
CCCCCCCCC#N,2243-27-8,0.6910814921229684,1
CCCCCCCCC(=O)O,112-05-0,2.0170333392987803,1
CCCCCCCCC(C)=O,693-54-9,0.6127838567197355,1
CCCCCCCCC(Cl)C(Cl)CCCCCCCC(=O)O,5829-48-1,0.3979400086720376,1
CCCCCCCCC=CCCCCCCCC[N+](C)(C)CC,6458-13-5,-0.2076083105017461,1
CCCCCCCCCC(=O)N(C)C,14433-76-2,1.3222192947339193,1
CCCCCCCCCC(C)=O,112-12-9,0.3222192947339193,1
CCCCCCCCCC/C=C/c1cc(O)oc1O,25377-73-5,0.5797835966168101,1
CCCCCCCCCCC(C)c1ccc(S(=O)(=O)O)cc1,42615-29-2,0.2304489213782739,1
CCCCCCCCCCC=Cc1c(OC(C)=O)c(O)c2ccccc2c1O,57960-19-7,1.8129133566428557,1
CCCCCCCCCCCC,1399-80-0,0.0791812460476248,1
CCCCCCCCCCCC#N,2437-25-4,-0.3665315444204134,1
CCCCCCCCCCCC(=O)O,143-07-7,1.1215190243431472,2
CCCCCCCCCCCC(=O)OCCO,9004-81-3,2.0791812460476247,1
CCCCCCCCCCCCCCC(C(=O)OC)S(=O)(=O)O,4016-24-4,0.1760912590556812,1
CCCCCCCCCCCCCCCCCCN(C)C,124-28-7,-1.1023729087095586,1
CCCCCCCCCCCCCCCCCC[N+](C)(C)CCCCCCCCCCCCCCCCCC,107-64-2,1.1205739312058498,1
CCCCCCCCCCCCCCCCCC[N+](C)(C)CCC[Si](OC)(OC)OC,27668-52-6,-0.2924298239020636,1
CCCCCCCCCCCCCCCC[N+](C)(C)C,57-09-0,-0.5528419686577808,1
CCCCCCCCCCCCCCCC[n+]1ccccc1,123-03-5,0.40729025800515933,2
CCCCCCCCCCCCCCCS(=O)(=O)O,5896-54-8,0.8419848045901139,1
CCCCCCCCCCCCCC[P+](CCCC)(CCCC)CCCC,81741-28-8,-1.2321023839819094,1
CCCCCCCCCCCCCO,112-70-9,0.2304489213782739,1
CCCCCCCCCCCCC[N+](C)(C)Cc1ccccc1,8001-54-5,0.1139433523068367,1
CCCCCCCCCCCCN(CCCN)CCCN,2372-82-9,-0.3467874862246563,1
CCCCCCCCCCCCOS(=O)(=O)O,151-21-3,1.3961993470957363,1
CCCCCCCCCCCCOS(=O)(=O)c1ccccc1,1330-69-4,0.5037906830571811,1
CCCCCCCCCCCC[N+](C)(C)CC(=O)[O-],683-10-3,0.146128035678238,1
CCCCCCCCCCCC[N+](C)(C)[O-],1643-20-5,1.4771212547196624,1
CCCCCCCCCCCCc1ccc(S(=O)(=O)O)cc1,11067-82-6,1.3579348470004535,1
CCCCCCCCCCCCc1ccccc1S(=O)(=O)O,25155-30-0,0.505149978319906,1
CCCCCCCCCCCOCCO,34398-01-1,0.5910646070264992,1
CCCCCCCCCCN,2016-57-1,0.0170333392987803,1
CCCCCCCCCCSCCN,36362-09-1,-0.958607314841775,1
CCCCCCCCCC[N+](C)(C)CCCCCCC(C)C,138698-36-9,-0.0705810742857072,1
CCCCCCCCCC[N+](C)(C)CCCCCCCCCC,7173-51-5,-0.4193309750707285,2
CCCCCCCCCC[N+](C)(CCCCCCCCCC)CCC[Si](OC)(OC)OC,68959-20-6,0.2430380486862944,1
CCCCCCCCCCc1ccc(N)cc1,37529-30-9,-1.2041199826559248,1
CCCCCCCCCc1ccc(O)cc1,104-40-5,-0.638272163982407,1
CCCCCCCCCc1ccc(OCCOCCO)cc1,9016-45-9,0.6989700043360189,1
CCCCCCCCCc1ccc2c(S(=O)(=O)O)cc(CCCCCCCCC)cc2c1,67487-87-0,3.0,1
CCCCCCCCCc1ccccc1O,25154-52-3,-0.8927900303521317,1
CCCCCCCCCc1ccccc1Oc1ccccc1CCCCCCCCC,9014-90-8,1.3979400086720375,1
CCCCCCCCCl,111-85-3,-0.2076083105017461,1
CCCCCCCCO,111-87-5,1.1172712956557642,1
CCCCCCCCOC(=O)C(C)O,5464-71-1,1.380211241711606,1
CCCCCCCCS,111-88-6,-0.4867823999320609,1
CCCCCCCCSCCO,3547-33-9,0.4471580313422192,1
CCCCCCCC[N+](C)(C)CCCCCCCC,5538-94-3,-0.1549019599857432,1
CCCCCCCC[N+](C)(CCCCCCCC)CCCCCCCC,5137-55-3,2.0086001717619175,1
CCCCCCCCc1ccc(N)cc1,16245-79-7,-0.9208187539523752,1
CCCCCCCCc1ccc(O)cc1,1806-26-4,-1.055517327849831,1
CCCCCCCCn1sc(Cl)c(Cl)c1=O,64359-81-5,-2.5686362358410126,1
CCCCCCCCn1sccc1=O,26530-20-1,-1.1837587000082168,1
CCCCCCCN,111-68-2,1.3384564936046048,1
CCCCCCCO,111-70-6,1.6532125137753435,1
CCCCCCN,111-26-2,1.7528164311882717,1
CCCCCCNCCCCCC,143-16-8,-0.1079053973095195,1
CCCCCCO,111-27-3,2.100370545117563,1
CCCCCCOC(C)=O,142-92-7,0.6020599913279624,1
CCCCCCOc1ccc(C=O)cc1OC,61096-84-2,0.4265112613645752,1
CCCCCCOc1ccc(N)cc1,39905-57-2,0.5865873046717549,1
CCCCCCS,111-31-9,-0.3979400086720376,1
CCCCCN,110-58-7,2.2479732663618064,1
CCCCCO,71-41-0,2.8129133566428557,1
CCCCCOC(=S)S,2720-73-2,1.845098040014257,1
CCCCCOC(C)=O,628-63-7,1.8129133566428557,1
CCCCCc1ccc(O)cc1,14938-35-3,0.146128035678238,1
CCCCN,109-73-9,2.428134794028789,1
CCCCN(C=O)CCCC,761-65-9,1.9508514588885464,1
CCCCN(CC)C(=O)SCCC,1114-71-2,1.0,1
CCCCN(CC)c1c([N+](=O)[O-])cc(C(F)(F)F)cc1[N+](=O)[O-],1861-40-1,-1.0,1
CCCCN(CCCC)SN(C)C(=O)Oc1cccc2c1OC(C)(C)C2,55285-14-8,-0.5718652059712112,1
CCCCN(CCO)CCCC,102-81-8,1.462397997898956,1
CCCCNC(=O)OCC#CI,55406-53-6,-1.1739251972991736,1
CCCCNC(=O)n1c(NC(=O)OC)nc2ccccc21,17804-35-2,-0.721246399047171,1
CCCCNCCCC,111-92-2,1.568201724066995,1
CCCCO,71-36-3,3.2380461031287955,1
CCCCOC(=O)/C=C/C(=O)OCCCC,105-75-9,-0.1487416512809247,1
CCCCOC(=O)C(C)O,138-22-7,1.8750612633917,1
CCCCOC(=O)C(C)Oc1ccc(Oc2ccc(C#N)cc2F)cc1,122008-85-9,-0.1191864077192086,1
CCCCOC(=O)C(C)Oc1ccc(Oc2ccc(C(F)(F)F)cn2)cc1,69806-50-4,-0.431798275933005,1
CCCCOC(=O)C1=CC(=O)CC(C)(C)O1,532-34-3,1.59659709562646,1
CCCCOC(=O)C1C(C(=O)OCCCC)C2(Cl)C(Cl)=C(Cl)C1(Cl)C2(Cl)Cl,1770-80-5,2.230448921378274,1
CCCCOC(=O)CCC,109-21-7,1.0644579892269186,1
CCCCOC(=O)CCC(=O)OCCCC,141-03-7,0.6493348587121419,1
CCCCOC(=O)COc1ccc(Cl)cc1Cl,94-80-4,-0.8239087409443188,1
CCCCOC(=O)c1ccccc1C(=O)OCCCC,84-74-2,0.187520720836463,1
CCCCOC(=O)c1ccccc1C(=O)OCc1ccccc1,85-68-7,-0.2924298239020636,1
CCCCOC(=S)S,110-50-9,1.3483048630481609,1
CCCCOC(C)=O,123-86-4,1.255272505103306,1
CCCCOC(C)COC(=O)COc1ccc(Cl)cc1Cl,1320-18-9,-0.5072396109731625,1
CCCCOCC(C)OC(=O)C(C)Oc1cc(Cl)c(Cl)cc1Cl,15067-52-4,-0.1938200260161128,1
CCCCOCCCC,142-96-1,1.3926969532596658,1
CCCCOCCCOC(=O)COc1ccc(Cl)cc1Cl,1928-45-6,0.7323937598229685,1
CCCCOCCO,111-76-2,3.096910013008056,1
CCCCOCCOC(=O)C(C)Oc1cc(Cl)c(Cl)cc1Cl,19398-13-1,0.0,1
CCCCOCCOC(=O)C(C)Oc1ccc(Cl)cc1Cl,53404-31-2,-0.0793549985932124,1
CCCCOCCOC(=O)COc1cc(Cl)c(Cl)cc1Cl,2545-59-7,-0.0315170514460648,1
CCCCOCCOC(=O)COc1ccc(Cl)cc1Cl,1929-73-3,0.08278537031645,1
CCCCOCCOC(=O)COc1nc(Cl)c(Cl)cc1Cl,64700-56-7,0.2304489213782739,1
CCCCOCCOCCCOC(=O)COc1cc(Cl)c(Cl)cc1Cl,1928-58-1,0.0969100130080564,1
CCCCOCCOCCO,112-34-5,3.113943352306837,1
CCCCOCCOCCOCc1cc2c(cc1CCC)OCO2,51-03-6,1.0492180226701815,1
CCCCOCCOCCSC#N,112-56-1,0.8129133566428556,1
CCCCOCN(C(=O)CCl)c1c(CC)cccc1CC,23184-66-9,-0.1938200260161128,1
CCCCOP(=O)(OCCCC)OCCCC,126-73-8,0.8808135922807914,1
CCCCOc1ccccc1,1126-79-0,0.7611758131557314,1
CCCCS,109-79-5,3.5563025007672873,1
CCCCSCCCC,544-40-1,0.5538830266438743,1
CCCCSP(=O)(SCCCC)SCCCC,78-48-8,1.2741578492636798,1
CCCCSP(SCCCC)SCCCC,150-50-5,0.1139433523068367,1
CCCCn1ccnc1,4316-42-1,1.4771212547196624,1
CCCN,107-10-8,2.4885507165004443,1
CCCN(CCC)C(=O)SCC,759-94-4,1.2988530764097066,1
CCCN(CCC)c1c([N+](=O)[O-])cc(C(C)C)cc1[N+](=O)[O-],33820-53-0,-0.5086383061657274,1
CCCN(CCC)c1c([N+](=O)[O-])cc(C(F)(F)F)c(N)c1[N+](=O)[O-],29091-21-2,1.7160033436347992,1
CCCN(CCC)c1c([N+](=O)[O-])cc(C(F)(F)F)cc1[N+](=O)[O-],1582-09-8,-0.8181564120552275,1
CCCN(CCC)c1c([N+](=O)[O-])cc(S(C)(=O)=O)cc1[N+](=O)[O-],4726-14-1,1.4771212547196624,1
CCCN(CCC)c1c([N+](=O)[O-])cc(S(N)(=O)=O)cc1[N+](=O)[O-],19044-88-3,0.4593924877592308,1
CCCN(CCCl)c1c([N+](=O)[O-])cc(C(F)(F)F)cc1[N+](=O)[O-],33245-39-5,-1.3716110699496884,1
CCCO,71-23-8,3.651278013998144,1
CCCOC(=O)C1c2cc3c(cc2CC(C)C1C(=O)OCCC)OCO3,83-59-0,-1.8860566476931633,1
CCCOC(=O)NCCCN(C)C,25606-41-1,2.5415792439465807,1
CCCOC(=O)c1ccc(C(=O)OCCC)nc1,136-45-8,-0.3565473235138126,1
CCCOC(C)=O,109-60-4,1.7781512503836436,1
CCCOCC(=Nc1ccc(Cl)cc1C(F)(F)F)n1ccnc1,68694-11-1,-0.3187587626244128,1
CCCOCCN(C(=O)CCl)c1c(CC)cccc1CC,51218-49-6,0.380211241711606,1
CCCOP(=S)(OCCC)OP(=S)(OCCC)OCCC,3244-90-4,-1.1191864077192086,1
CCCOP(=S)(OCCC)SCC(=O)N1CCCCC1C,24151-93-7,0.6020599913279624,1
CCCSCCC,111-47-7,1.3364597338485296,1
CCCSCCCCSCCC,56348-39-1,0.4756711883244297,1
CCCSCCSCCC,22037-97-4,0.8762178405916422,1
CCCSCSP(=S)(OCC)OCC,3309-68-0,-0.494850021680094,1
CCCSP(=O)(OCC)Oc1ccc(Br)cc1Cl,41198-08-7,0.3053513694466238,1
CCCSP(=O)(OCC)SCCC,13194-48-4,-0.1938200260161128,1
CCCSP(=S)(OCC)Oc1ccc(SC)cc1,35400-43-2,0.0,1
CCCc1ccc(O)cc1,645-56-7,1.041392685158225,1
CCN(C(=O)SCc1ccccc1)C(C)C(C)C,85785-20-2,0.1139433523068367,1
CCN(CC)C(=O)C(C)Oc1cccc2ccccc12,15299-99-7,1.0043213737826426,1
CCN(CC)C(=O)C(Cl)=C(C)OP(=O)(OC)OC,13171-21-6,0.0969100130080564,1
CCN(CC)C(=O)SCc1ccc(Cl)cc1,408-27-5,-0.02367641512052845,2
CCN(CC)C(=O)c1cccc(C)c1,134-62-3,2.041392685158225,1
CCN(CC)CC,121-44-8,1.380211241711606,1
CCN(CC)N=O,55-18-5,2.88930170250631,1
CCN(CC)c1c([N+](=O)[O-])cc(C(F)(F)F)c(N)c1[N+](=O)[O-],29091-05-2,-0.2291479883578558,1
CCN(CC)c1nc(C)cc(OP(=S)(OC)OC)n1,29232-93-7,-2.4596705252091264,1
CCN(Cc1c(F)cccc1Cl)c1c([N+](=O)[O-])cc(C(F)(F)F)cc1[N+](=O)[O-],62924-70-3,-1.747146969020107,1
CCN(Cc1cccc(S(=O)(=O)O)c1)c1ccc(C(=C2C=CC(=[N+](CC)Cc3cccc(S(=O)(=O)O)c3)C=C2)c2ccccc2S(=O)(=O)[O-])cc1,3844-45-9,3.0569048513364727,1
CCN1CN(CC)CN(CC)C1,7779-27-3,1.3673559210260189,1
CCNC(=O)C(C)OC(=O)Nc1ccccc1,16118-49-3,2.2174839442139063,1
CCNC(=O)NC(=O)/C(C#N)=N/OC,57966-95-7,1.462397997898956,1
CCNC(=S)OC(C)C,141-98-0,1.6020599913279625,1
CCNCC,109-89-7,2.2600713879850747,1
CCNCCO,110-73-6,3.1702617153949575,1
CCNCc1ccccc1,14321-27-8,1.756636108245848,1
CCNP(=S)(OC)O/C(C)=C/C(=O)OC(C)C,31218-83-4,-0.7189666327522725,1
CCNS(=O)(=O)C(F)(F)C(F)(F)C(F)(F)C(F)(F)C(F)(F)C(F)(F)C(F)(F)C(F)(F)F,4151-50-2,-0.7235381958267558,1
CCNc1cccc(C)c1,102-27-2,1.6946051989335686,1
CCNc1ccccc1,103-69-5,1.9030899869919435,1
CCNc1nc(Cl)nc(NC(C)(C)C#N)n1,21725-46-2,1.0170333392987805,1
CCNc1nc(Cl)nc(NC(C)(C)C)n1,5915-41-3,0.8450980400142568,1
CCNc1nc(Cl)nc(NC(C)C)n1,1912-24-9,1.2095646538709879,2
CCNc1nc(Cl)nc(NCC)n1,122-34-9,1.919078092376074,1
CCNc1nc(NC(C)(C)C#N)nc(SC)n1,21689-84-9,1.1760912590556811,1
CCNc1nc(NC(C)(C)C)nc(OC)n1,33693-04-8,1.0,1
CCNc1nc(NC(C)(C)C)nc(SC)n1,886-50-0,0.4771212547196624,1
CCNc1nc(NC(C)C(C)C)nc(SC)n1,22936-75-0,0.7781512503836436,1
CCNc1nc(NC(C)C)nc(SC)n1,834-12-8,1.1760912590556811,1
CCNc1nc(NC(C)CC)nc(OC)n1,26259-45-0,1.3979400086720375,1
CCNc1nc(NCC)nc(SC)n1,1014-70-6,1.3979400086720375,1
CCO,64-17-5,4.103803720955957,1
CCOC(=O)C(C)(C)Oc1ccc(Cl)cc1,637-07-0,-0.0506099933550872,1
CCOC(=O)C(C)N(C(=O)c1ccccc1)c1ccc(Cl)c(Cl)c1,22212-55-1,0.005065138607573953,2
CCOC(=O)C(C)O,97-64-3,2.505149978319906,1
CCOC(=O)C(C)OC(=O)c1cc(Oc2ccc(C(F)(F)F)cc2Cl)ccc1[N+](=O)[O-],77501-63-4,0.3222192947339193,1
CCOC(=O)C(C)Oc1ccc(Oc2cnc3cc(Cl)ccc3n2)cc1,76578-14-8,0.9849771264154934,1
CCOC(=O)C(C)Oc1ccc(Oc2nc3ccc(Cl)cc3o2)cc1,66441-23-4,-0.32800046547141937,2
CCOC(=O)C(Cl)(Cl)Cl,515-84-4,1.6434526764861874,1
CCOC(=O)C(Cl)C(=O)OCC,14064-10-9,-0.0222763947111522,1
CCOC(=O)C(Cl)Cc1cc(-n2nc(C)n(C(F)F)c2=O)c(F)cc1Cl,128639-02-1,0.2041199826559248,1
CCOC(=O)C(O)(c1ccc(Cl)cc1)c1ccc(Cl)cc1,510-15-6,-0.1739251972991735,1
CCOC(=O)C1=NN(c2ccc(Cl)cc2Cl)C(C)(C(=O)OCC)C1,135590-91-9,0.6232492903979004,1
CCOC(=O)C1=NOC(c2ccccc2)(c2ccccc2)C1,163520-33-0,-0.6575773191777937,1
CCOC(=O)C=C(C)OP(=S)(OCC)OCC,73263-81-7,-3.759450751717401,1
CCOC(=O)CC(=O)OCC,105-53-3,1.1931245983544616,1
CCOC(=O)CC(S)C(=O)OCC,23060-14-2,1.5440680443502757,1
CCOC(=O)CC(SP(=O)(OC)OC)C(=O)OCC,1634-78-2,0.4913616938342727,1
CCOC(=O)CC(SP(=S)(OC)OC)C(=O)OCC,121-75-5,1.230448921378274,1
CCOC(=O)CCCCC(=O)OCC,141-28-6,1.2253092817258628,1
CCOC(=O)CCCCCCCCC(=O)OCC,110-40-7,0.4623979978989561,1
CCOC(=O)CN(C(=O)CCl)c1c(CC)cccc1CC,38727-55-8,0.4548448600085102,1
CCOC(=O)COc1cc(-c2nn(C)c(OC(F)F)c2Cl)c(F)cc1Cl,129630-19-9,0.2041199826559248,1
CCOC(=O)COc1cc(-n2ncc(C(F)(F)F)c(C)c2=O)c(F)cc1Cl,188489-07-8,0.3979400086720376,1
CCOC(=O)CSc1nc(C(C)(C)C)nn1C(=O)N(C)C,112143-82-5,-0.2757241303992109,1
CCOC(=O)Cc1cccc2ccccc12,2122-70-5,1.146128035678238,1
CCOC(=O)N(C)C(=O)CSP(=S)(OCC)OCC,2595-54-2,-2.3979400086720375,1
CCOC(=O)NCCOc1ccc(Oc2ccccc2)cc1,72490-01-8,0.2041199826559248,1
CCOC(=O)Nc1cccc(OC(=O)Nc2ccccc2)c1,13684-56-5,0.2304489213782739,1
CCOC(=O)OC1=C(c2cc(C)ccc2C)C(=O)NC12CCC(OC)CC2,203313-25-1,0.3424226808222063,1
CCOC(=O)c1ccc(N)cc1,94-09-7,1.041392685158225,1
CCOC(=O)c1cccc(N)c1,886-86-2,1.4502491083193612,1
CCOC(=O)c1ccccc1C(=O)OCC,84-66-2,1.230448921378274,1
CCOC(=O)c1ccccc1O,118-61-6,1.2966651902615312,1
CCOC(=O)c1ccccc1S(=O)(=O)NC(=O)Nc1nc(Cl)cc(OC)n1,90982-32-4,0.9242792860618816,1
CCOC(=O)c1cncn1[C@H](C)c1ccccc1,33125-97-2,-0.5528419686577808,1
CCOC(=S)S,140-89-6,1.1139433523068367,3
CCOC(C)=O,141-78-6,2.361727836017593,1
CCOC(CN(C)CC(OCC)OCC)OCC,6948-86-3,2.8041394323353503,1
CCOC(O)=c1cc(O)c(=C(O)C2CC2)c(O)c1,95266-40-3,1.5440680443502757,1
CCOC1Oc2ccc(OS(C)(=O)=O)cc2C1(C)C,26225-79-6,0.8129133566428556,1
CCOCCO,110-80-5,4.214843848047698,1
CCOCCOC(C)=O,111-15-9,1.6127838567197357,1
CCOCCOCCO,111-90-0,4.071882007306125,1
CCOCCOCCOC(=O)Nc1nc2ccccc2[nH]1,62732-91-6,3.0,1
CCOCN(C(=O)CCl)c1c(C)cccc1CC,34256-82-1,-0.4202164033831898,1
CCOCn1c(-c2ccc(Cl)cc2)c(C#N)c(Br)c1C(F)(F)F,122453-73-0,-2.1284270644541214,1
CCON=C(CC)C1C(=O)CC(c2c(C)cc(C)cc2C)CC1=O,87820-88-0,1.6434526764861874,1
CCOP(=O)(NC(C)C)Oc1ccc(SC)c(C)c1,22224-92-6,-2.3467874862246565,1
CCOP(=O)(O)C(N)=O,25954-13-6,2.576341350205793,1
CCOP(=O)(O)OCC,598-02-7,2.6989700043360187,1
CCOP(=O)(OCC)OP(=O)(OCC)OCC,107-49-3,-0.1023729087095585,1
CCOP(=O)(OCC)Oc1ccc([N+](=O)[O-])cc1,311-45-5,-0.6020599913279624,1
CCOP(=O)(OCC)SCCSCC,8065-48-3,1.2041199826559248,1
CCOP(=O)(SC(C)CC)N1CCSC1=O,98886-44-3,2.0453229787866576,1
CCOP(=O)(SC(C)CC)SC(C)CC,95465-99-9,-0.1426675035687315,1
CCOP(=S)(CC)Oc1cc(Cl)c(Cl)cc1Cl,327-98-0,-0.619788758288394,1
CCOP(=S)(CC)Sc1ccccc1,944-22-9,-2.275724130399211,1
CCOP(=S)(NC(C)C)Oc1ccccc1C(=O)OC(C)C,25311-71-1,1.0,1
CCOP(=S)(NC(C)CC)Oc1cc(C)ccc1[N+](=O)[O-],36335-67-8,0.6127838567197355,1
CCOP(=S)(OCC)O/C(C)=C/C(=O)OC,128606-48-4,-0.7772835288524167,1
CCOP(=S)(OCC)OC(=CCl)c1cc(Cl)ccc1Cl,1757-18-2,-0.7695510786217261,1
CCOP(=S)(OCC)OC(Cl)C(Cl)(Cl)Cl,54593-83-8,-2.638272163982407,1
CCOP(=S)(OCC)ON=C(C#N)c1ccccc1,14816-18-3,-0.4685210829577448,1
CCOP(=S)(OCC)ON=C(C#N)c1ccccc1Cl,14816-20-7,2.577491799837225,1
CCOP(=S)(OCC)OP(=S)(OCC)OCC,3689-24-5,-0.4436974992327127,1
CCOP(=S)(OCC)Oc1cc(-c2ccccc2)on1,18854-01-8,0.1139433523068367,1
CCOP(=S)(OCC)Oc1cc(C)nc(C(C)C)n1,333-41-5,0.7888751157754168,1
CCOP(=S)(OCC)Oc1cc(Cl)c(Br)cc1Cl,4824-78-6,-0.721246399047171,1
CCOP(=S)(OCC)Oc1ccc(=O)n(-c2ccccc2)n1,119-12-0,0.8027737252919757,1
CCOP(=S)(OCC)Oc1ccc(Cl)cc1Cl,97-17-6,-0.1938200260161128,1
CCOP(=S)(OCC)Oc1ccc([N+](=O)[O-])cc1,56-38-2,0.0606978403536116,1
CCOP(=S)(OCC)Oc1ccc([S+](C)[O-])cc1,115-90-2,1.6344772701607315,1
CCOP(=S)(OCC)Oc1ccc2c(C)c(Cl)c(=O)oc2c1,56-72-4,0.1760912590556812,1
CCOP(=S)(OCC)Oc1cnc2ccccc2n1,13593-03-8,-1.154901959985743,1
CCOP(=S)(OCC)Oc1nc(Cl)c(Cl)cc1Cl,2921-88-2,-0.0904439707588246,1
CCOP(=S)(OCC)Oc1ncn(-c2ccccc2)n1,24017-47-8,0.7160033436347992,1
CCOP(=S)(OCC)SC1OCCOC1SP(=S)(OCC)OCC,78-34-2,-1.1611509092627446,1
CCOP(=S)(OCC)SCCSCC,298-04-4,0.271841606536499,1
CCOP(=S)(OCC)SCCl,24934-91-6,0.3979400086720376,1
CCOP(=S)(OCC)SCSC(C)(C)C,13071-79-9,-1.8860566476931633,1
CCOP(=S)(OCC)SCSCC,298-02-2,-0.0969100130080563,1
CCOP(=S)(OCC)SCSP(=S)(OCC)OCC,563-12-2,-0.3665315444204134,1
CCOP(=S)(OCC)SCSc1ccc(Cl)cc1,786-19-6,-0.6252516539898961,1
CCOP(=S)(OCC)SCn1c(=O)oc2cc(Cl)ccc21,2310-17-0,-1.0,1
CCOP(=S)(Oc1ccc([N+](=O)[O-])cc1)c1ccccc1,2104-64-5,-1.1023729087095586,1
CCOP(=S)(Oc1cnc(C(C)(C)C)nc1)OC(C)C,96182-53-5,-1.0506099933550872,1
CCOP(=S)(S)OCC,298-06-6,2.3613169612669065,2
CCOP(O)(=S)OCC,5871-17-0,2.0,1
CCO[C@@H]1[C@@H](OC)[C@H](C)O[C@@H](O[C@@H]2C[C@H]3CC[C@@H]4C(=CC5C(=O)C(C)[C@@H](O[C@H]6CC[C@H](N(C)C)[C@@H](C)O6)CCC[C@H](CC)OC(=O)C[C@H]54)[C@@H]3C2)[C@@H]1OC,187166-40-1,0.2041199826559248,1
CCO[P+](=O)[O-],39148-24-8,2.1492191126553797,1
CCO[Si](OCC)(OCC)c1ccccc1,780-69-8,1.2648178230095364,1
CCOc1cc(C=O)ccc1O,121-32-4,1.9425041061680808,1
CCOc1cc(N(CC)CC)cc2oc3cc(=[N+](CC)CC)ccc-3nc12,2787-91-9,0.6020599913279624,1
CCOc1cc(Oc2ccc(C(F)(F)F)cc2Cl)ccc1[N+](=O)[O-],42874-03-3,-0.6989700043360187,1
CCOc1ccc(C(C)(C)COCc2cccc(Oc3ccccc3)c2)cc1,80844-07-1,0.2405492482825997,1
CCOc1ccc(C=O)cc1,10031-82-0,1.4487063199050798,1
CCOc1ccc(N)c([N+](=O)[O-])c1,616-86-4,1.414973347970818,1
CCOc1ccc(N=Nc2ccc(Sc3ccc(N=Nc4ccc(OCC)cc4)cc3S(=O)(=O)O)c(S(=O)(=O)O)c2)cc1,13390-47-1,1.3617278360175928,1
CCOc1ccc2c(c1)C(C)=CC(C)(C)N2,91-53-2,0.8260748027008264,1
CCOc1ccc2nc3cc(N)ccc3c(N)c2c1,1837-57-6,0.4313637641589873,1
CCOc1nc(C(Cl)(Cl)Cl)ns1,2593-15-9,-0.1135092748275181,1
CCS,75-08-1,0.3424226808222063,1
CCSC(=O)N(CC(C)C)CC(C)C,2008-41-5,0.3222192947339193,1
CCSC(=O)N(CC)C1CCCCC1,1134-23-2,1.0,1
CCSC(=O)N1CCCCCC1,2212-67-1,1.5211380837040362,1
CCSC(C)CC1CC(=O)C(C(CC)=NOC/C=C/Cl)C(=O)C1,99129-21-2,2.041392685158225,1
CCSCCOP(=S)(OC)OC,8022-00-2,0.2041199826559248,1
CCSCCSP(=S)(OC)OC,640-15-3,-0.0222763947111522,1
CCSc1nc(NC(C)C)nc(NC(C)C)n1,4147-51-7,0.3856062735983122,1
CC[C@H](C)[C@H]1O[C@]2(C=C[C@@H]1C)C[C@@H]1C[C@@H](C/C=C(\C)[C@@H](O[C@H]3C[C@H](OC)[C@@H](O[C@H]4C[C@H](OC)[C@@H](NC)[C@H](C)O4)[C@H](C)O3)[C@@H](C)/C=C/C=C3\CO[C@@H]4[C@H](O)C(C)=CC(C(=O)O1)[C@]34O)O2,155569-91-8,-0.7594507517174003,1
CC[C@H](C)[C@H]1O[C@]2(C=C[C@@H]1C)C[C@@H]1C[C@@H](C/C=C(\C)[C@@H](O[C@H]3C[C@H](OC)[C@@H](O[C@H]4C[C@H](OC)[C@@H](O)[C@H](C)O4)[C@H](C)O3)[C@@H](C)/C=C/C=C3\CO[C@@H]4[C@H](O)C(C)=CC(C(=O)O1)[C@]34O)O2,71751-41-2,-1.0,1
CC[C@H]1OC(=O)C(C)[C@@H](O[C@H]2C[C@@](C)(OC)[C@@H](O)[C@H](C)O2)[C@H](C)[C@@H](O[C@@H]2O[C@H](C)C[C@H](N(C)C)[C@H]2O)[C@](C)(O)CC(C)C(=O)C(C)[C@@H](O)[C@]1(C)O,114-07-8,2.5778046418394576,2
CC[C@H]1O[C@]2(CC[C@@H]1C)C[C@@H]1C[C@@H](C/C=C(\C)C[C@@H](C)/C=C/C=C3\CO[C@@H]4[C@H](O)C(C)=CC(C(=O)O1)[C@]34O)O2,51596-11-3,-2.3467874862246565,1
CC[S+]([O-])CCSP(=O)(OC)OC,301-12-2,1.1139433523068367,1
CCc1cc(C(C)(C)C)c(O)c(C(C)(C)C)c1,4130-42-1,-0.2291479883578558,1
CCc1cc(C)cc(CC)c1-c1c(OC(=O)C(C)(C)C)n2n(c1=O)CCOCC2,243973-20-8,0.3710678622717362,1
CCc1ccc(-c2ccccc2)cc1,5707-44-8,-0.2218487496163563,1
CCc1ccc(C(=O)NN(C(=O)c2cc(C)cc(C)c2)C(C)(C)C)cc1,112410-23-8,0.4771212547196624,1
CCc1ccc(C(c2ccc(CC)cc2)C(Cl)Cl)cc1,72-56-0,-2.356547323513813,1
CCc1ccc(C)nc1,104-90-5,1.909020854211156,1
CCc1ccc(N)cc1,589-16-2,1.863322860120456,1
CCc1ccc(O)cc1,123-07-9,1.0170333392987805,1
CCc1cccc(C)c1N(C(=O)CCl)C(C)COC,51218-45-2,0.9242792860618816,1
CCc1cccc(C)c1N(C(=O)CCl)[C@@H](C)COC,87392-12-9,1.0755469613925308,1
CCc1cccc(CC)c1N(COC)C(=O)CCl,15972-60-8,-0.0969100130080563,1
CCc1ccccc1,100-41-4,1.0755469613925308,1
CCc1cnc(C2=NC(=O)C(C)(C(C)C)N2)c(C(=O)O)c1,81335-77-5,2.380211241711606,1
CCc1nn(C)c(C(=O)NCc2ccc(C(C)(C)C)cc2)c1Cl,119168-77-3,-1.749579997691106,1
CCc1nn(C)c(C(=O)NCc2ccc(Oc3ccc(C)cc3)cc2)c1Cl,129558-76-5,-3.026410376572743,1
CCl,74-87-3,2.4313637641589874,1
CI,74-88-4,0.0755469613925307,1
CN,74-89-5,2.851869600729766,1
CN(C(=O)CF)c1cccc2ccccc12,5903-13-9,0.7481880270062005,1
CN(C)C(=O)C(c1ccccc1)c1ccccc1,957-51-7,1.8750612633917,1
CN(C)C(=O)N[C@@H]1C[C@@H]2C[C@H]1[C@@H]1CCC[C@H]21,2163-79-3,1.1139433523068367,1
CN(C)C(=O)Nc1ccc(Cl)c(Cl)c1,330-54-1,1.1522883443830565,1
CN(C)C(=O)Nc1ccc(Cl)cc1,140-41-0,1.0481072926732025,2
CN(C)C(=O)Nc1ccc(Oc2ccc(Cl)cc2)cc1,1982-47-4,-0.5686362358410126,1
CN(C)C(=O)Nc1cccc(C(F)(F)F)c1,2164-17-2,2.0791812460476247,1
CN(C)C(=S)S,128-03-0,-0.4436974992327127,5
CN(C)C(=S)SSC(=S)N(C)C,137-26-8,-1.8794260687941504,1
CN(C)C(CSC(N)=O)CSC(N)=O,15263-53-3,-1.0969100130080565,1
CN(C)C1C(=O)C(C(N)=O)C(=O)[C@@]2(O)C(=O)C3C(=O)c4c(O)ccc(Cl)c4[C@@](C)(O)[C@H]3C[C@@H]12,57-62-5,1.8970770032094204,1
CN(C)C1C(=O)C(C(N)=O)C(=O)[C@@]2(O)C(=O)C3C(=O)c4c(O)cccc4[C@@](C)(O)[C@H]3C[C@@H]12,64-75-5,2.342422680822206,1
CN(C)C1C(=O)C(C(N)=O)C(=O)[C@@]2(O)C(=O)C3C(=O)c4c(O)cccc4[C@@](C)(O)[C@H]3[C@H](O)[C@@H]12,79-57-2,1.8750612633917,1
CN(C)C=O,68-12-2,3.851258348719075,1
CN(C)N,57-14-7,0.478743782126236,2
CN(C)N=O,62-75-9,2.9731278535996988,1
CN(C)NC(=O)CCC(=O)O,1596-84-5,2.173186268412274,1
CN(C)P(=O)(N(C)C)N(C)C,680-31-9,3.859738566197147,1
CN(C)P(=O)(OP(=O)(N(C)C)N(C)C)N(C)C,152-16-9,2.08278537031645,1
CN(C)c1ccc(C(=C2C=CC(=[N+](C)C)C=C2)c2ccccc2)cc1,569-64-2,-0.8569964389602627,2
CN(C)c1ccc(C(=N)c2ccc(N(C)C)cc2)cc1,2465-27-2,0.7781512503836436,1
CN(C)c1ccc(C=O)cc1,100-10-7,1.6599162000698502,1
CN(C)c1ccc(N=NS(=O)(=O)O)cc1,140-56-7,1.9294189257142929,1
CN(C)c1ccc(N=Nc2ccccc2C(=O)O)cc1,493-52-7,1.380211241711606,1
CN(C)c1ccc2nc3ccc(=[N+](C)C)cc-3sc2c1,61-73-4,2.220108088040055,1
CN(C)c1ccccc1,121-69-7,1.720985744153739,1
CN(C)c1nc(=O)n(C2CCCCC2)c(=O)n1C,51235-04-2,2.437750562820388,1
CN(CCCl)CCCl,55-86-7,1.9925535178321356,1
CN(c1c(Br)cc(Br)cc1Br)c1c([N+](=O)[O-])cc([N+](=O)[O-])cc1C(F)(F)F,63333-35-7,-0.2510371387438385,1
CN1CCCC1,120-94-5,3.0293837776852097,1
CN1CCCC1=O,872-50-4,2.920123326290724,1
CN1CCC[C@H]1c1cccnc1,54-11-5,0.7363965022766424,1
CN1CSC(=S)N(C)C1,533-74-4,-0.3872161432802645,1
CN=C(N)NCCCCCCN=C(C)N,32289-58-0,-1.5934598195660448,1
CN=C=S,556-61-6,-0.9208187539523752,1
CNC,124-40-3,2.0718820073061255,1
CNC(=O)/C=C(\C)OP(=O)(OC)OC,6923-22-4,1.2695129442179165,1
CNC(=O)CSP(=O)(OC)OC,1113-02-6,2.143014800254095,1
CNC(=O)CSP(=S)(OC)OC,60-51-5,-0.8538719643217619,1
CNC(=O)N(C)c1nnc(C(C)(C)C)s1,34014-18-1,2.0253058652647704,1
CNC(=O)Nc1nc2ccccc2s1,1929-88-0,2.6020599913279625,1
CNC(=O)O/N=C(/C)SCCC#N,29118-87-4,0.4913616938342727,1
CNC(=O)O/N=C/C(C)(C)SC,116-06-3,0.8692317197309762,1
CNC(=O)O/N=C1\[C@@H](Cl)[C@@H]2C[C@H](C#N)[C@H]1C2,951-42-8,1.041392685158225,1
CNC(=O)O/N=C1\[C@H]2C[C@H](C[C@H]2C#N)[C@H]1Cl,15271-41-7,1.1139433523068367,1
CNC(=O)OCc1cccc(Cl)c1Cl,62046-37-1,0.6901960800285137,1
CNC(=O)ON=C(C)SCCC#N,25171-63-5,0.1760912590556812,1
CNC(=O)ON=C(SC)C(=O)N(C)C,23135-22-0,0.7387805584843692,1
CNC(=O)ON=CC(C)(C)S(C)(=O)=O,1646-88-4,1.6232492903979006,1
CNC(=O)Oc1cc(C)c(N(C)C)c(C)c1,315-18-4,1.290034611362518,1
CNC(=O)Oc1cc(C)c(SC)c(C)c1,2032-65-7,0.6830470382388496,1
CNC(=O)Oc1cc(C)cc(C)c1C,12407-86-2,0.0,1
CNC(=O)Oc1ccc(C(C)(C)C)cc1,2626-83-7,1.0,1
CNC(=O)Oc1ccc(N(C)C)c(C)c1,2032-59-9,0.3443922736851107,1
CNC(=O)Oc1cccc(C(C)C)c1,64-00-6,-0.958607314841775,1
CNC(=O)Oc1cccc(N=CN(C)C)c1,23422-53-9,0.4409090820652177,1
CNC(=O)Oc1cccc2c1OC(C)(C)C2,1563-66-2,0.8976270912904414,1
CNC(=O)Oc1cccc2c1OC(C)(C)O2,22781-23-3,-0.3279021420642826,1
CNC(=O)Oc1cccc2ccccc12,63-25-2,1.5403294747908738,1
CNC(=O)Oc1ccccc1C(C)C,2631-40-5,1.505149978319906,1
CNC(=O)Oc1ccccc1OC(C)C,114-26-1,0.146128035678238,1
CNC(=S)S,137-41-7,0.8704969657924431,2
CNCCC(Oc1ccc(C(F)(F)F)cc1)c1ccccc1,56296-78-7,-0.785156151952302,1
CNN,60-34-4,0.5132176000679389,1
CNP(=O)(OC)Oc1ccc(C(C)(C)C)cc1Cl,299-86-5,0.255272505103306,1
CN[C@H]1CC[C@@H](c2ccc(Cl)c(Cl)c2)c2ccccc21,79617-96-2,-0.8446639625349383,1
CNc1ccc(F)cc1,459-59-6,1.5843312243675307,1
CNc1ccc(O)cc1,150-75-4,-0.5287082889410615,1
CNc1ccccc1,100-61-8,-1.1186153432294272,1
CNc1cnn(-c2cccc(C(F)(F)F)c2)c(=O)c1Cl,27314-13-2,1.212187604403958,1
CNc1nc(NC(C)C)nc(SC)n1,1014-69-3,1.0606978403536118,1
CO,67-56-1,4.075546961392531,1
CO/N=C(/C(=O)OC)c1ccccc1COc1ccccc1C,143390-89-0,-0.3018994543766101,1
CO/N=C(/C1=NOCCO1)c1ccccc1Oc1ncnc(Oc2ccccc2Cl)c1F,361377-29-9,-0.3615107430453627,1
COC(=O)C(C)N(C(=O)c1ccccc1)c1ccc(F)c(Cl)c1,52756-25-9,0.380211241711606,1
COC(=O)C(C)Oc1ccc(Oc2ccc(Cl)cc2Cl)cc1,51338-27-3,-0.6020599913279624,1
COC(=O)C(Cl)Cc1ccc(Cl)cc1,14437-17-3,0.041392685158225,1
COC(=O)C1(O)c2ccccc2-c2ccc(Cl)cc21,2536-31-4,0.0644579892269184,1
COC(=O)C1=CC[C@H]([C@H](C)CC(=O)C=C(C)C)CC1,16060-78-9,-0.0969100130080563,1
COC(=O)C1=CC[C@H]([C@H](C)CC(=O)CC(C)C)CC1,17904-27-7,0.1760912590556812,1
COC(=O)C1C(C(=O)OC)C2(Cl)C(Cl)=C(Cl)C1(Cl)C2(Cl)Cl,1773-89-3,-0.3767507096020995,1
COC(=O)C=C(C)OP(=O)(OC)OC,7786-34-7,-1.154901959985743,1
COC(=O)C=C(CC(=O)OC)OP(=O)(OC)OC,122-10-1,-0.2924298239020636,1
COC(=O)CSc1cc(N=c2sc(=O)n3n2CCCC3)c(F)cc1Cl,117337-19-6,-1.3665315444204136,1
COC(=O)N(C(=O)N1CO[C@@]2(C(=O)OC)Cc3cc(Cl)ccc3C2=N1)c1ccc(OC(F)(F)F)cc1,173584-44-6,-0.5376020021010439,1
COC(=O)NC(=S)Nc1ccccc1NC(=S)NC(=O)OC,23564-05-8,1.4014005407815442,1
COC(=O)Nc1cccc(OC(=O)Nc2cccc(C)c2)c1,13684-63-4,1.2174839442139065,1
COC(=O)Nc1nc2ccccc2[nH]1,10605-21-7,0.12751558167277577,2
COC(=O)c1c(C(F)F)nc(C(F)(F)F)c(C2=NCCS2)c1CC(C)C,117718-60-2,0.5314789170422551,1
COC(=O)c1c(Cl)c(Cl)c(C(=O)OC)c(Cl)c1Cl,1861-32-1,1.4771212547196624,1
COC(=O)c1c(Cl)c(Cl)c(C(=O)SC)c(Cl)c1Cl,3765-57-9,0.146128035678238,1
COC(=O)c1cc(Oc2ccc(Cl)cc2Cl)ccc1[N+](=O)[O-],42576-02-3,2.0086001717619175,1
COC(=O)c1ccc(C#N)cc1,1129-35-7,1.670245853074124,1
COC(=O)c1ccc(Cl)cc1,1126-46-1,1.1139433523068367,1
COC(=O)c1ccc(O)cc1,99-76-3,1.7781512503836436,1
COC(=O)c1ccc([N+](=O)[O-])cc1,619-50-1,1.376576957056512,1
COC(=O)c1ccccc1C(=O)OC,131-11-3,2.08278537031645,1
COC(=O)c1ccccc1N,134-20-3,1.209515014542631,1
COC(=O)c1ccccc1S(=O)(=O)NC(=O)Nc1nc(C)nc(OC)n1,74223-64-6,2.0,1
COC(=O)c1ccccc1S(=O)(=O)NC(=O)Nc1nc(OC(F)F)cc(OC(F)F)n1,86209-51-0,2.322219294733919,1
COC(=O)c1cncn1C(C)c1ccccc1,5377-20-8,0.3010299956639812,1
COC(=O)c1nc(C2CC2)nc(N)c1Cl,858954-83-3,1.146128035678238,1
COC(C)(C)C,1634-04-4,2.8488047010518036,1
COC(C)(C)CCCC(C)C=CC=C(C)CC(=O)OC(C)C,40596-69-8,0.0,1
COC(C)(C)CCC[C@H](C)C=CC=C(C)CC(=O)OC(C)C,65733-16-6,2.08278537031645,1
COC(C)=O,79-20-9,2.61066016308988,1
COCC(=O)N(c1c(C)cccc1C)C(C)C(=O)OC,57837-19-1,1.893694810676055,2
COCC(C)N(C(=O)CCl)c1c(C)csc1C,87674-68-8,0.414973347970818,1
COCCCC/C(=N\OCCN)c1ccc(C(F)(F)F)cc1,54739-18-3,-0.2196826878598487,1
COCCCNc1nc(NC(C)C)nc(SC)n1,841-06-5,1.1139433523068367,1
COCCN,109-85-3,2.7193312869837265,1
COCCO,109-86-4,4.2405492482825995,1
COCCOCCO,111-77-3,3.8750612633917,1
COC[C@H](C)N(C(=O)CCl)c1c(C)csc1C,163515-14-8,1.0,1
CON(C)C(=O)Nc1ccc(Br)c(Cl)c1,13360-45-7,0.6020599913279624,1
CON(C)C(=O)Nc1ccc(Br)cc1,3060-89-7,1.6020599913279625,1
CON(C)C(=O)Nc1ccc(Cl)c(Cl)c1,330-55-2,0.255272505103306,1
COP(=O)(NC(C)=O)SC,30560-19-1,2.859738566197147,1
COP(=O)(OC)C(O)C(Cl)(Cl)Cl,52-68-6,1.7193312869837265,1
COP(=O)(OC)O/C(=C\Cl)c1cc(Cl)c(Cl)cc1Cl,22248-79-9,-0.3665315444204134,1
COP(=O)(OC)O/C(C)=C/C(=O)N(C)C,141-66-2,1.383815365980431,1
COP(=O)(OC)O/C(C)=C/C(=O)OC(C)c1ccccc1,7700-17-6,-0.8181564120552275,1
COP(=O)(OC)OC(Br)C(Cl)(Cl)Br,300-76-5,-0.744727494896694,1
COP(=O)(OC)OC=C(Cl)Cl,62-73-7,0.4031205211758178,1
COP(=O)(OC)Oc1nc(Cl)c(Cl)cc1Cl,5598-52-7,-2.769551078621726,1
COP(=O)(OC)SC(SP(=O)(OC)OC)c1ccccc1,2274-99-9,-1.5228787452803376,1
COP(=O)(OC)SCCSC,8065-62-1,1.0791812460476249,1
COP(=S)(OC)Oc1cc(C)c(SC)c(C)c1,55-37-8,-0.494850021680094,1
COP(=S)(OC)Oc1cc(Cl)c(Cl)cc1Cl,299-84-3,-0.7670038896078462,1
COP(=S)(OC)Oc1cc(Cl)c(I)cc1Cl,18181-70-9,-1.7904849854573692,1
COP(=S)(OC)Oc1ccc(SC)c(C)c1,55-38-9,-0.1191864077192086,1
COP(=S)(OC)Oc1ccc(Sc2ccc(OP(=S)(OC)OC)cc2)cc1,3383-96-8,1.4800069429571503,1
COP(=S)(OC)Oc1ccc([N+](=O)[O-])c(C)c1,122-14-5,-2.1191864077192086,1
COP(=S)(OC)Oc1ccc([N+](=O)[O-])c(Cl)c1,500-28-7,-0.1487416512809247,1
COP(=S)(OC)Oc1ccc([N+](=O)[O-])cc1,298-00-0,1.1205739312058498,1
COP(=S)(OC)Oc1nc(Cl)c(Cl)cc1Cl,5598-13-0,0.1958996524092337,1
COP(=S)(OC)Oc1nc(Cl)n(C(C)C)n1,42509-83-1,-2.416801226031377,1
COP(=S)(OC)SCC(=O)N(C)C=O,2540-82-1,1.1139433523068367,1
COP(=S)(OC)SCN1C(=O)c2ccccc2C1=O,732-11-6,-0.3010299956639812,1
COP(=S)(OC)SCSc1ccc(Cl)cc1,953-17-3,-0.2146701649892329,1
COP(=S)(OC)SCc1ccc(SP(=S)(OC)OC)cc1,2782-70-9,-1.4685210829577449,1
COP(=S)(OC)SCn1nnc2ccccc2c1=O,86-50-0,-0.2676062401770315,1
COP(=S)(Oc1cc(Cl)c(Br)cc1Cl)c1ccccc1,21609-90-5,1.4885507165004443,1
COP(N)(=O)SC,10265-92-6,0.9334872878487056,1
COP(O)(=S)OC,1112-38-5,1.6283889300503116,1
COS(=O)(=O)OC,77-78-1,0.8750612633917001,1
CO[SiH](OC)OC,2487-90-3,2.0492180226701815,1
COc1c(Cl)ccc(Cl)c1C(=O)O,1918-00-9,2.667452952889954,3
COc1c(O)c(Cl)c(Cl)c(Cl)c1Cl,2539-17-5,0.3502480183341628,1
COc1c(O)c(OC)c(Cl)c(Cl)c1Cl,2539-26-6,0.5314789170422551,1
COc1cc(C=O)cc(Br)c1O,2973-76-4,1.7759743311293692,1
COc1cc(C=O)ccc1O,121-33-5,1.7558748556724917,1
COc1cc(Cl)c(Cl)cc1O,2460-49-3,0.6812412373755872,1
COc1cc(Cl)c(OC)cc1Cl,2675-77-6,0.568201724066995,1
COc1cc(O)c(C=O)c(OC)c1,708-76-9,0.4281347940287888,1
COc1cc(OC)nc(NC(=O)NS(=O)(=O)c2ncccc2C(F)(F)F)n1,104040-78-0,2.060697840353612,1
COc1cc2c(cc1OC)[C@@]13CCN4CC5=CCO[C@H]6CC(=O)N2[C@H]1[C@H]6[C@H]5C[C@H]43,357-57-3,1.5563025007672873,1
COc1ccc(-c2ccccc2)cc1NNC(=O)OC(C)C,149877-41-8,-0.2365720064370627,1
COc1ccc(C(=CC(=O)N2CCOCC2)c2ccc(Cl)cc2)cc1OC,110488-70-5,1.271841606536499,1
COc1ccc(C(=O)c2ccccc2)c(O)c1,131-57-7,0.5797835966168101,1
COc1ccc(C(C)=O)c(O)c1,552-41-0,1.739572344450092,1
COc1ccc(C(C)=O)c(OC)c1OC,13909-73-4,2.2355284469075487,1
COc1ccc(C=O)c(OC)c1,613-45-6,1.3031960574204888,1
COc1ccc(C=O)cc1,123-11-5,1.6020599913279625,1
COc1ccc(CCN(C)CCCC(C#N)(c2ccc(OC)c(OC)c2)C(C)C)cc1OC,52-53-9,0.4345689040341987,1
COc1ccc(NC(=O)N(C)C)cc1Cl,19937-59-8,1.6020599913279625,1
COc1ccc(O)c(C(C)(C)C)c1,25013-16-5,0.7634279935629373,1
COc1ccc(O)cc1,150-76-5,1.9258275746247424,1
COc1ccc(OC)c(C(=O)CBr)c1,1204-21-3,-1.0604807473813815,1
COc1ccc([C@@H]2Sc3ccccc3N(CCN(C)C)C(=O)C2OC(C)=O)cc1,42399-41-7,1.1760912590556811,1
COc1ccc2c(c1)c(CC(=O)O)c(C)n2C(=O)c1ccc(Cl)cc1,53-86-1,1.9132839017604184,1
COc1ccc2c(c[n+](C)c3c4cc5c(cc4ccc23)OCO5)c1OC,112025-60-2,-1.0457574905606752,1
COc1cccc(C=O)c1O,148-53-8,0.7387805584843692,1
COc1cccc(O)c1,150-19-6,1.869231719730976,1
COc1cccc([N+](=O)[O-])c1,555-03-3,1.7708520116421442,1
COc1ccccc1C(N)=O,2439-77-2,2.0791812460476247,1
COc1ccccc1N,90-04-0,2.3010299956639813,1
COc1ccccc1[N+](=O)[O-],91-23-6,2.2278867046136734,1
COc1nc(C)nc(NC(=O)NS(=O)(=O)c2ccccc2Cl)n1,64902-72-3,1.57978359661681,1
COc1nc(Cl)c(Cl)cc1Cl,31557-34-3,0.041392685158225,1
COc1nc(NC(C)C)nc(NC(C)C)n1,1610-18-0,1.0791812460476249,1
COc1nn(CSP(=S)(OC)OC)c(=O)s1,950-37-8,-1.0969100130080565,1
CP(=O)(O)CCC(N)C(=O)O,77182-82-2,1.089905111439398,1
CS(=O)(=O)Cl,124-63-0,1.041392685158225,1
CS(=O)(=O)NC(=O)c1cc(Oc2ccc(C(F)(F)F)cc2Cl)ccc1[N+](=O)[O-],108731-70-0,3.780317312140151,1
CS(=O)(=O)Oc1ccc(Cl)cc1Cl,3687-13-6,0.469822015978163,1
CS(=O)(=O)c1c(Cl)c(Cl)nc(Cl)c1Cl,13108-52-6,-0.958607314841775,1
CS(=O)(=O)c1cc(C(F)(F)F)ccc1C(=O)c1cnoc1C1CC1,141112-29-0,2.204119982655925,1
CS(=O)(=O)c1ccc(C(=O)C2C(=O)CCCC2=O)c([N+](=O)[O-])c1,104206-82-8,2.7259116322950483,1
CSC(=O)c1c(C(F)F)nc(C(F)(F)F)c(C(=O)SC)c1CC(C)C,97886-45-8,-0.3372421683184259,1
CSC(=O)c1cccc2nnsc12,135158-54-2,-0.0555173278498313,1
CSC(C)=NOC(=O)N(C)SN(C)C(=O)ON=C(C)SC,59669-26-0,0.3117538610557542,1
CSC1=N[C@@](C)(c2ccccc2)C(=O)N1Nc1ccccc1,161326-34-7,-0.1307682802690238,1
CSCCC=O,3268-49-3,0.8450980400142568,1
CSSC,624-92-0,0.041392685158225,1
CSc1nc(NC(C)C)nc(NC(C)C)n1,7287-19-6,0.3617278360175928,1
CSc1nc(NC2CC2)nc(NC(C)(C)C)n1,28159-98-0,-0.1249387366082999,1
CSc1nc2ccccc2s1,64036-43-7,0.568201724066995,1
C[C@H]1[C@H](c2ccc(Cl)cc2)SC(=O)N1C(=O)NC1CCCCC1,78587-05-0,-0.2757241303992109,1
C[C@]12CCC(=O)C=C1CC[C@@H]1[C@@H]2CC[C@]2(C)C(=O)CC[C@@H]12,63-05-8,1.021189299069938,1
C[N+](C)(C)c1ccccc1,28001-58-3,2.3944516808262164,1
C[N+]1(C)CCCCC1,24307-26-4,3.198657086954422,1
C[n+]1c2cc(N)ccc2cc2ccc(N)cc21,86-40-8,1.4393326938302626,1
C[n+]1ccc(-c2cc[n+](C)cc2)cc1,1910-42-5,1.2071523440641658,2
C[n+]1ccccc1Cl,14338-32-0,2.298853076409707,1
Cc1[nH]c(=O)n(C(C)(C)C)c(=O)c1Cl,5902-51-2,2.012837224705172,1
Cc1c(COC(=O)C2[C@H](/C=C(\Cl)C(F)(F)F)C2(C)C)cccc1-c1ccccc1,82657-04-3,-3.823908740944318,1
Cc1c(Cl)cccc1Cl,118-69-4,0.3617278360175928,1
Cc1c(Cl)cccc1NC=O,71862-02-7,1.66838591669,1
Cc1c(F)c(F)c(COC(=O)C2[C@@H](/C=C(\Cl)C(F)(F)F)C2(C)C)c(F)c1F,79538-32-2,-2.070581074285707,1
Cc1c(N)cc([N+](=O)[O-])cc1[N+](=O)[O-],35572-78-2,1.1789769472931697,1
Cc1c(N)cccc1[N+](=O)[O-],603-83-8,1.6989700043360187,1
Cc1c([N+](=O)[O-])cc(N)cc1[N+](=O)[O-],19406-51-0,0.8388490907372553,1
Cc1c([N+](=O)[O-])cc([N+](=O)[O-])cc1[N+](=O)[O-],118-96-7,0.4913616938342727,1
Cc1c([N+](=O)[O-])ccc(N)c1[N+](=O)[O-],10202-92-3,1.0374264979406236,1
Cc1c([N+](=O)[O-])ccc([N+](=O)[O-])c1N,56207-39-7,-0.0457574905606751,1
Cc1c([N+](=O)[O-])ccc([N+](=O)[O-])c1[N+](=O)[O-],18292-97-2,-1.0,1
Cc1c([N+](=O)[O-])cccc1[N+](=O)[O-],606-20-2,1.2671717284030135,1
Cc1c[nH]c(-c2ccccc2)n1,827-43-0,1.6532125137753435,1
Cc1cc(-c2ccc(N)c(C)c2)ccc1N,119-93-7,1.1139433523068367,1
Cc1cc(=O)[nH]c(C(C)C)n1,2814-20-2,3.0791812460476247,1
Cc1cc(=O)c(C(=O)O)nn1-c1ccc(Cl)cc1,83588-43-6,2.1492191126553797,1
Cc1cc(C(C)(C)C)c(O)c(C(C)(C)C)c1,128-37-0,0.041392685158225,1
Cc1cc(C)c(C2=C(OC(=O)CC(C)(C)C)C3(CCCC3)OC2=O)c(C)c1,283594-90-1,-1.7746907182741372,1
Cc1cc(C)c(O)c(C(C)(C)C)c1,1879-09-0,0.3979400086720376,1
Cc1cc(C)c([N+](=O)[O-])cc1[N+](=O)[O-],616-72-8,0.8976270912904414,1
Cc1cc(C)c2ccccc2c1,575-41-7,0.255272505103306,1
Cc1cc(C)cc(C)c1,108-67-8,1.0969100130080565,1
Cc1cc(C)cc(N)c1,108-69-0,1.5314789170422551,1
Cc1cc(C)n(CO)n1,85264-33-1,2.089905111439398,1
Cc1cc(C)nc(Nc2ccccc2)n1,53112-28-0,1.0043213737826426,1
Cc1cc(C2CC2)nc(Nc2ccccc2)n1,121552-61-2,0.3384564936046049,1
Cc1cc(Cl)cc(Cl)c1O,1570-65-6,0.2041199826559248,1
Cc1cc(Cl)ccc1N=CN(C)C,6164-98-3,1.1205739312058498,1
Cc1cc(Cl)ccc1O,1570-64-5,0.3617278360175928,1
Cc1cc(Cl)ccc1OCC(=O)O,94-74-6,2.0681858617461617,3
Cc1cc(Cl)ccc1OCCCC(=O)O,94-81-5,1.385885576872934,2
Cc1cc(Cl)nc(N)n1,5600-21-5,2.167317334748176,1
Cc1cc(N)c(O)cc1C,6623-41-2,-1.0604807473813815,1
Cc1cc(N)c([N+](=O)[O-])cc1[N+](=O)[O-],5267-27-6,0.380211241711606,1
Cc1cc(N=Nc2ccc(C)c(N=Nc3cc(C)c(N)cc3N)c2)c(N)cc1N,8005-78-5,0.7481880270062005,1
Cc1cc(NC(=O)Nc2ccc(N=Nc3cc(S(=O)(=O)O)c4cccc(S(=O)(=O)O)c4c3)c(C)c2)ccc1N=Nc1cc(S(=O)(=O)O)c2cccc(S(=O)(=O)O)c2c1,3214-47-9,2.255272505103306,1
Cc1cc(NS(=O)(=O)c2ccc(N)cc2)no1,723-46-6,2.7505083948513462,1
Cc1cc(O)c([N+](=O)[O-])cc1[N+](=O)[O-],616-73-9,0.505149978319906,1
Cc1cc(O)cc(C)c1Cl,88-04-0,-0.4436974992327127,1
Cc1cc(O)cc(C)c1N,3096-70-6,-1.0604807473813815,1
Cc1cc(O)ccc1Cl,59-50-7,0.0,1
Cc1cc(S(=O)(=O)O)ccc1N,98-33-9,2.574031267727719,1
Cc1cc([N+](=O)[O-])c(N)c([N+](=O)[O-])c1,6393-42-6,1.1139433523068367,1
Cc1cc([N+](=O)[O-])cc([N+](=O)[O-])c1,618-85-9,1.4329692908744058,1
Cc1cc([N+](=O)[O-])cc([N+](=O)[O-])c1O,534-52-1,0.4345689040341987,1
Cc1cc([N+](=O)[O-])ccc1N,99-52-5,1.9380190974762104,1
Cc1cc([N+](=O)[O-])ccc1[N+](=O)[O-],619-15-8,0.1139433523068367,1
Cc1cc2cccc(C)c2cc1C,2245-38-7,0.8061799739838872,1
Cc1ccc(-c2c(Cl)nc(C#N)n2S(=O)(=O)N(C)C)cc1,120116-88-3,-2.478861916295964,1
Cc1ccc(C(=O)O)cc1,99-94-5,1.806179973983887,1
Cc1ccc(C(C)(C)C)c(O)c1,88-60-8,0.4313637641589873,1
Cc1ccc(C(C)(C)C)cc1,98-51-1,0.2304489213782739,1
Cc1ccc(C(C)C)c(O)c1,89-83-8,0.6232492903979004,1
Cc1ccc(C(C)C)cc1,99-87-6,0.3010299956639812,1
Cc1ccc(C)c(C(C)c2ccccc2)c1,6165-51-1,-0.5086383061657274,1
Cc1ccc(C)c(C)c1,95-63-6,1.3502480183341627,1
Cc1ccc(C)c(O)c1,95-87-4,1.0334237554869496,1
Cc1ccc(C)cc1,106-42-3,0.414973347970818,1
Cc1ccc(Cl)c(Cl)c1,95-75-0,0.4638929889859073,1
Cc1ccc(Cl)c(N)c1,95-81-8,1.041392685158225,1
Cc1ccc(Cl)cc1,106-43-4,0.7723217067229198,1
Cc1ccc(Cl)cc1[N+](=O)[O-],89-59-8,0.8976270912904414,1
Cc1ccc(N(C)C)cc1,99-97-8,1.7160033436347992,1
Cc1ccc(N(SC(F)(Cl)Cl)S(=O)(=O)N(C)C)cc1,731-27-1,-1.5228787452803376,1
Cc1ccc(N)c(Cl)c1,615-65-6,1.5599066250361124,1
Cc1ccc(N)c([N+](=O)[O-])c1,89-62-3,1.3944516808262164,1
Cc1ccc(N)cc1,106-49-0,2.0791812460476247,1
Cc1ccc(N)cc1Cl,7745-89-3,1.021189299069938,1
Cc1ccc(N)cc1N,95-80-7,3.1522883443830567,1
Cc1ccc(N)cc1[N+](=O)[O-],119-32-4,1.41161970596323,1
Cc1ccc(N2C(=O)C(=O)C(C(=O)c3ccc(C4CCCCC4)cc3)C2c2ccc(OC(F)(F)F)cc2)nn1,37324-23-5,1.6989700043360187,1
Cc1ccc(N=C=O)cc1N=C=O,584-84-9,2.2174839442139063,1
Cc1ccc(N=CN(C)C=Nc2ccc(C)cc2C)c(C)c1,33089-61-1,-0.4685210829577448,1
Cc1ccc(NC(=O)N(C)C)cc1Cl,15545-48-9,1.6989700043360187,1
Cc1ccc(NN=c2c(=O)ccc(=NNc3ccc(S(=O)(=O)O)cc3)c2=O)c(C)c1,1320-07-6,2.113943352306837,1
Cc1ccc(Nc2ccc(C)cc2)cc1,620-93-9,-0.3665315444204134,1
Cc1ccc(Nc2ccc(Nc3ccc(C)cc3S(=O)(=O)O)c3c2C(=O)c2ccccc2C3=O)c(S(=O)(=O)O)c1,4403-90-1,0.7923916894982539,1
Cc1ccc(O)c(C(C)(C)C)c1,2409-55-4,0.3159703454569177,1
Cc1ccc(O)c(C)c1,105-67-9,1.2576785748691846,1
Cc1ccc(O)cc1,106-44-5,0.9344984512435676,1
Cc1ccc(OP(=O)(Oc2ccc(C)cc2)Oc2ccc(C)cc2)cc1,1330-78-5,1.1139433523068367,1
Cc1ccc(OP(=O)(Oc2ccc(C)cc2C)Oc2ccc(C)cc2C)c(C)c1,25155-23-1,1.3010299956639813,1
Cc1ccc(S(=O)(=O)C(I)I)cc1,20018-09-1,-0.8860566476931632,1
Cc1ccc(S(=O)(=O)Cl)cc1,98-59-9,1.8864907251724816,1
Cc1ccc(S(=O)(=O)NCl)cc1,127-65-1,1.1522883443830565,1
Cc1ccc(S(=O)(=O)n2ccnc2)cc1,2232-08-8,1.6170003411208989,1
Cc1ccc([N+](=O)[O-])c(N)c1,578-46-1,1.383815365980431,1
Cc1ccc([N+](=O)[O-])c(N)c1[N+](=O)[O-],70343-06-5,1.0863598306747482,1
Cc1ccc([N+](=O)[O-])c([N+](=O)[O-])c1,610-39-9,0.1760912590556812,1
Cc1ccc([N+](=O)[O-])cc1,99-99-0,1.69810054562339,1
Cc1ccc([N+](=O)[O-])cc1N,99-55-8,1.8375884382355112,1
Cc1ccc([N+](=O)[O-])cc1[N+](=O)[O-],121-14-2,1.515873843711679,1
Cc1ccc2c(c1)[C@H](Nc1nc(N)nc(C(C)F)n1)[C@@H](C)C2,950782-86-2,-0.494850021680094,1
Cc1ccc2ccc(C)cc2c1,582-16-1,0.255272505103306,1
Cc1ccc2ccccc2c1C,573-98-8,0.3617278360175928,1
Cc1ccc2ccccc2n1,655-76-5,1.3502480183341627,1
Cc1ccc2nc(C)ccc2c1,877-43-0,1.2041199826559248,1
Cc1cccc(C(=O)O)c1,99-04-7,1.9138138523837167,1
Cc1cccc(C)c1,108-38-3,0.9242792860618816,1
Cc1cccc(C)c1O,576-26-1,1.3364597338485296,1
Cc1cccc(Nc2ccccc2C(=O)O)c1C,61-68-7,0.9052560487484512,1
Cc1cccc(O)c1,108-39-4,1.7474118078864231,1
Cc1cccc(O)c1[N+](=O)[O-],4920-77-8,1.6637009253896482,1
Cc1cccc([N+](=O)[O-])c1,99-08-1,1.5118833609788744,1
Cc1cccc([N+](=O)[O-])c1N,570-24-1,1.385606273598312,1
Cc1cccc([N+](=O)[O-])c1[N+](=O)[O-],602-01-7,0.255272505103306,1
Cc1cccc2sc3nncn3c12,41814-78-2,1.146128035678238,1
Cc1ccccc1,108-88-3,0.7403626894942439,1
Cc1ccccc1C,95-47-6,0.8933047363243299,1
Cc1ccccc1C#N,529-19-1,1.6503075231319364,1
Cc1ccccc1C=O,529-20-4,1.722633922533812,1
Cc1ccccc1Cl,95-49-8,0.8721562727482928,1
Cc1ccccc1F,95-52-3,1.292256071356476,1
Cc1ccccc1N,95-53-4,2.0681858617461617,1
Cc1ccccc1N=C(N)Nc1ccccc1C,97-39-2,1.2787536009528289,1
Cc1ccccc1O,95-48-7,1.3710678622717365,1
Cc1ccccc1[N+](=O)[O-],88-72-2,1.569373909615046,1
Cc1cccnc1,108-99-6,2.1583624920952498,1
Cc1nc(C)c(C)o1,20662-84-4,2.651278013998144,1
Cc1nc(N(C)C)nc(OC(=O)N(C)C)c1C,23103-98-2,2.093421685162235,1
Cc1ncc[nH]1,693-98-1,2.456366033129043,1
Cc1nn(-c2cc(NS(C)(=O)=O)c(Cl)cc2Cl)c(=O)n1C(F)F,122836-35-5,1.9722028383790644,1
Cc1nn(C)c(Oc2ccccc2)c1/C=N/OCc1ccc(C(=O)OC(C)(C)C)cc1,134098-61-6,-3.229147988357856,1
Cl/C=C\Cl,156-59-2,1.8260748027008264,1
ClC(Br)Br,124-48-1,1.8976270912904416,1
ClC(COCC(Cl)C(Cl)(Cl)Cl)C(Cl)(Cl)Cl,127-90-2,-0.2291479883578558,1
ClC(Cl)(Cl)C(Cl)(Cl)Cl,67-72-1,0.3159703454569177,1
ClC(Cl)(Cl)Cl,56-23-5,1.0170333392987805,1
ClC(Cl)=C(Cl)C(Cl)=C(Cl)Cl,87-68-3,-0.494850021680094,1
ClC(Cl)=C(Cl)Cl,127-18-4,1.2648178230095364,1
ClC(Cl)=C(c1ccc(Cl)cc1)c1ccc(Cl)cc1,72-55-9,-1.494850021680094,1
ClC(Cl)Br,75-27-4,1.4471580313422192,1
ClC(Cl)C(Cl)(Cl)Cl,76-01-7,3.7596678446896306,1
ClC(Cl)C(Cl)Cl,79-34-5,1.3222192947339193,1
ClC(Cl)Cl,67-66-3,1.4471580313422192,1
ClC(Cl)c1ccccc1,98-87-3,1.3617278360175928,1
ClC1=C(Cl)C(Cl)(C2(Cl)C(Cl)=C(Cl)C(Cl)=C2Cl)C(Cl)=C1Cl,2227-17-0,-1.3010299956639813,1
ClC1=C(Cl)C(Cl)(Cl)C(Cl)=C1Cl,77-47-4,-1.856985199745905,1
ClC1=C(Cl)C2(Cl)C3C(Cl)C(Cl)CC3C1(Cl)C2(Cl)Cl,12789-03-6,-1.9208187539523751,1
ClC1=C(Cl)C2(Cl)C3C(Cl)C=CC3C1(Cl)C2(Cl)Cl,76-44-8,-0.7695510786217261,1
ClC1=C(Cl)C2(Cl)C=CC1(Cl)C2(Cl)Cl,3389-71-7,-0.7258421507363202,1
ClC1=C(Cl)[C@]2(Cl)C3C(Cl)C(Cl)CC3[C@@]1(Cl)C2(Cl)Cl,57-74-9,-1.3979400086720375,1
ClC1=C(Cl)[C@]2(Cl)[C@@H]3[C@@H](Cl)[C@H]4O[C@H]4[C@@H]3[C@@]1(Cl)C2(Cl)Cl,1024-57-3,-2.275724130399211,1
ClC1=C(Cl)[C@]2(Cl)[C@@H]3[C@@H]4C[C@@H]([C@H]5O[C@@H]45)[C@@H]3[C@@]1(Cl)C2(Cl)Cl,60-57-1,-2.154901959985743,1
ClC1=C(Cl)[C@]2(Cl)[C@@H]3[C@H]4C[C@H]([C@@H]5O[C@H]45)[C@@H]3[C@@]1(Cl)C2(Cl)Cl,72-20-8,-3.3467874862246565,1
ClC1=C(Cl)[C@]2(Cl)[C@H](Cl)C[C@@]1(Cl)C2(Cl)Cl,28680-45-7,-1.0675262353228467,1
ClC1=C(Cl)[C@]2(Cl)[C@H]3[C@H](Cl)[C@@H](Cl)C[C@H]3[C@@]1(Cl)C2(Cl)Cl,5103-74-2,-1.2967086218813386,1
ClC1=C(Cl)[C@]2(Cl)[C@H]3[C@H](Cl)[C@H](Cl)C[C@H]3[C@@]1(Cl)C2(Cl)Cl,5103-71-9,-2.1493537648169334,1
ClC1=C(Cl)[C@]2(Cl)[C@H]3[C@H]([C@@H]4C=C[C@H]3C4)[C@@]1(Cl)C2(Cl)Cl,309-00-2,0.2304489213782739,1
ClC1=C(Cl)[C@]2(Cl)[C@H]3[C@H]([C@H](Cl)[C@]4(Cl)O[C@H]34)[C@@]1(Cl)C2(Cl)Cl,27304-13-8,-2.580044251510242,1
ClC1C(Cl)C(Cl)C(Cl)C(Cl)C1Cl,58-89-9,0.041392685158225,5
ClC=CCCl,542-75-6,0.3654879848908996,1
ClC=CC[N+]12CN3CN(CN(C3)C1)C2,4080-31-3,-0.8181564120552275,1
ClC=CCl,540-59-0,2.146128035678238,1
ClCC(Br)CBr,96-12-8,1.591064607026499,1
ClCC(Cl)(Cl)Cl,630-20-6,1.3010299956639813,1
ClCC(Cl)CCl,96-18-4,1.760422483423212,1
ClCC(Cl)Cl,79-00-5,1.6020599913279625,1
ClCC1CO1,106-89-8,1.5440680443502757,1
ClCCCCCCl,628-76-2,1.403120521175818,1
ClCCCCCl,110-56-5,1.7126497016272113,1
ClCCCCl,142-28-9,1.9740509027928776,1
ClCCCl,107-06-2,2.633468455579586,1
ClCCOCCCl,111-44-4,2.7781512503836434,1
ClCCl,75-09-2,2.285557309007774,1
ClCc1ccc(CCl)cc1,623-25-6,-1.408935392973501,1
ClCc1ccccc1,100-44-7,0.6989700043360189,1
ClCc1ccccc1Cl,611-19-8,-0.5686362358410126,1
Cl[C@@H]1CCCC[C@H]1Cl,822-86-6,1.2648178230095364,1
Cl[C@@H]1[C@]2(Cl)[C@@H]3[C@H]4[C@@H]5O[C@@H]5[C@@H]5[C@H]4[C@@]1(Cl)[C@@](Cl)([C@@H]53)C2(Cl)Cl,13366-73-9,-1.958607314841775,1
Clc1c(Cl)c(Cl)c(Cl)c(Cl)c1Cl,118-74-1,1.0791812460476249,1
Clc1cc(Cl)c(-c2c(Cl)c(Cl)c(-c3c(Cl)cc(Cl)c(Cl)c3Cl)c(Cl)c2Cl)cc1Cl,11120-29-9,1.3979400086720375,1
Clc1cc(Cl)c(Cl)c(-c2cc(Cl)c(-c3cc(Cl)c(Cl)c(Cl)c3)c(Cl)c2Cl)c1,11126-42-4,1.3979400086720375,1
Clc1cc(Cl)c(Cl)c(Cl)c1,634-90-2,0.8061799739838872,1
Clc1cc(Cl)c(Cl)c(Cl)c1Cl,608-93-5,-0.6073030467403343,1
Clc1cc(Cl)c(Cl)cc1Cl,95-94-3,0.2041199826559248,1
Clc1cc(Cl)cc(-c2cc(Cl)cc(Cl)c2)c1,12672-29-6,-0.1611509092627447,1
Clc1cc(Cl)cc(C2(CC(Cl)(Cl)Cl)CO2)c1,58138-08-2,-0.431798275933005,1
Clc1cc(Cl)cc(Cl)c1,108-70-3,0.5185139398778874,1
Clc1ccc(-c2ccc(Cl)c(Cl)c2Cl)c(Cl)c1Cl,11096-82-5,1.7846172926328754,1
Clc1ccc(-c2cccc(Cl)c2Cl)c(Cl)c1,53469-21-9,0.7339992865383869,1
Clc1ccc(-c2ccccc2)cc1,2051-62-9,-0.1426675035687315,1
Clc1ccc(C(c2ccc(Cl)cc2)C(Cl)(Cl)Cl)cc1,50-29-3,-1.8239087409443189,1
Clc1ccc(C(c2ccc(Cl)cc2)C(Cl)Cl)cc1,72-54-8,-1.853871964321762,1
Clc1ccc(C2(Cn3cncn3)CC(Br)CO2)c(Cl)c1,116255-48-2,0.2304489213782739,1
Clc1ccc(Cl)c(-c2ccccc2Cl)c1,37680-65-2,-1.4710832997223453,1
Clc1ccc(Cl)c(Cl)c1,120-82-1,0.4409090820652177,1
Clc1ccc(Cl)cc1,106-46-7,1.0681858617461617,1
Clc1ccc(Oc2ccccc2)cc1,7005-72-3,-0.1366771398795441,1
Clc1ccc(Sc2cc(Cl)c(Cl)cc2Cl)cc1,2227-13-6,1.041392685158225,1
Clc1cccc(-c2cc(Cl)cc(Cl)c2)c1,12674-11-2,-1.9507819773298185,1
Clc1cccc(-c2ccc(Cl)c(Cl)c2Cl)c1Cl,11097-69-1,0.437750562820388,1
Clc1cccc(-c2ccccc2)c1,2051-61-8,-0.0540392964224314,1
Clc1cccc(C(Cl)(Cl)Cl)n1,1929-82-4,1.0086001717619175,1
Clc1cccc(Cl)c1,541-73-1,0.6989700043360189,1
Clc1cccc(Cl)c1C(Cl)Cl,81-19-6,-0.0132282657337551,1
Clc1cccc(Cl)c1Cl,87-61-6,-0.4559319556497244,1
Clc1cccc2ccccc12,90-13-1,0.3617278360175928,1
Clc1ccccc1,108-90-7,0.6532125137753437,1
Clc1ccccc1-c1ccccc1,2051-60-7,0.5,2
Clc1ccccc1Cl,95-50-1,0.1986570869544226,1
Clc1ccccc1NNc1ccccc1Cl,782-74-1,-1.0,1
Clc1nc(Cl)c(Cl)c(Cl)c1Cl,2176-62-7,-0.3316140833099998,1
Clc1nc(Cl)nc(Nc2ccccc2Cl)n1,101-05-3,-0.8538719643217619,1
Cn1c(-c2ccccc2)cc(-c2ccccc2)[n+]1C,43222-48-6,1.667452952889954,1
Cn1c(=O)c2c(ncn2C)n(C)c1=O,58-08-2,2.1789769472931693,1
Cn1c(=O)on(-c2ccc(Cl)c(Cl)c2)c1=O,20354-26-1,0.4969296480732149,1
Cn1cc(-c2ccccc2)c(=O)c(-c2cccc(C(F)(F)F)c2)c1,59756-60-4,1.0,1
Cn1cc(C(=O)Nc2ccccc2-c2cc(F)c(F)c(F)c2)c(C(F)F)n1,907204-31-3,0.380211241711606,1
Cn1cc(C(=O)Nc2ccccc2C2CC2C2CC2)c(C(F)F)n1,874967-67-6,-0.2076083105017461,1
Cn1sc(Cl)cc1=O,26172-55-4,-0.721246399047171,1
Cn1sc2c(c1=O)CCC2,82633-79-2,0.3222192947339193,1
Cn1sc2ccccc2c1=O,2527-66-4,-0.619788758288394,1
Cn1sccc1=O,2682-20-4,-1.154901959985743,1
FC(F)(Cl)C(F)(Cl)Cl,76-13-1,1.2787536009528289,1
FC(F)(F)c1ccc(OCCCOc2c(Cl)cc(OCC=C(Cl)Cl)cc2Cl)nc1,179101-81-6,-0.3010299956639812,1
FC(F)(F)c1ccccc1,98-08-8,1.2787536009528289,1
Fc1ccc(Br)cc1F,348-61-8,0.8920946026904804,1
Fc1ccc(Oc2ccc(F)cc2)cc1,330-93-8,0.0253058652647702,1
Fc1ccc(Oc2ccnc3cc(Cl)cc(Cl)c23)cc1,124495-18-7,-0.5686362358410126,1
N#CBr,506-68-3,-0.619788758288394,1
N#CC(Br)(Br)C(N)=O,10222-01-2,0.1139433523068367,1
N#CC(C#N)=Cc1ccccc1Cl,2698-41-1,-0.6575773191777937,1
N#CC(CCc1ccc(Cl)cc1)(Cn1cncn1)c1ccccc1,114369-43-6,-0.1674910872937636,1
N#CC(Cl)(Cl)Cl,545-06-2,-1.1426675035687317,1
N#CCC#N,109-77-3,0.2121876044039577,1
N#CCCC(Br)(C#N)CBr,35691-65-7,0.2430380486862944,1
N#CCCCCC#N,111-69-3,3.285557309007774,1
N#CCCCCCCC#N,629-40-3,2.722633922533812,1
N#CCCOC(=O)C(Br)CBr,27983-69-3,-0.5086383061657274,1
N#CCCOCCC#N,1656-48-0,3.5563025007672873,1
N#CCCl,107-14-2,0.1303337684950061,1
N#CN,420-04-2,1.909020854211156,1
N#CN=C1SCCN1Cc1ccc(Cl)nc1,111988-49-9,1.4014005407815442,1
N#CNC(=S)S,138-93-2,2.0791812460476247,1
N#CS,333-20-0,1.0086001717619175,5
N#CS/C=C/SC#N,14150-71-1,0.2944662261615929,1
N#CSCSC#N,6317-18-6,-0.6777807052660807,1
N#CSCSc1nc2ccccc2s1,21564-17-0,-2.136677139879544,1
N#Cc1c(-c2ccc(Cl)cc2)[nH]c(C(F)(F)F)c1Br,122454-29-9,-2.886056647693163,1
N#Cc1c(Cl)c(Cl)c(Cl)c(C#N)c1Cl,1897-45-6,-2.1191864077192086,1
N#Cc1c(Cl)c(Cl)c(Cl)c(Cl)c1C#N,1953-99-7,-0.9208187539523752,1
N#Cc1c(Cl)cccc1Cl,1194-65-6,1.2041199826559248,1
N#Cc1c([N+](=O)[O-])cc([N+](=O)[O-])cc1[N+](=O)[O-],37841-25-1,0.3010299956639812,1
N#Cc1c[nH]cc1-c1cccc2c1OC(F)(F)O2,131341-86-1,-0.3279021420642826,1
N#Cc1cc(Br)c(O)c(Br)c1,1689-84-5,1.1398790864012365,1
N#Cc1cc(Cl)ccc1N,5922-60-1,1.4563660331290431,1
N#Cc1ccc(C/C(=N\NC(=O)Nc2ccc(OC(F)(F)F)cc2)c2cccc(C(F)(F)F)c2)cc1,139968-49-3,-0.1354889189416081,1
N#Cc1ccc(O)cc1,767-00-0,1.354108439147401,1
N#Cc1ccc([N+](=O)[O-])cc1,619-72-7,1.3873898263387294,1
N#Cc1cccc(C(F)(F)F)c1,368-77-4,1.678518379040114,1
N#Cc1cccc([N+](=O)[O-])c1,619-24-9,1.7795964912578246,1
N#Cc1ccccc1,100-47-0,2.130333768495006,1
N#Cc1ccccc1C#N,91-15-6,1.3617278360175928,1
N#Cc1ccccc1C(F)(F)F,447-60-9,1.625312450961674,1
N#Cc1ccccn1,100-70-9,2.8609366207000937,1
N#Cc1nccnc1C#N,13481-25-9,0.3010299956639812,1
N#Cc1nn(-c2c(Cl)cc(C(F)(F)F)cc2Cl)c(N)c1C(F)(F)F,205650-65-3,-1.320572103387881,1
N#Cc1nn(-c2c(Cl)cc(C(F)(F)F)cc2Cl)c(N)c1S(=O)(=O)C(F)(F)F,120068-36-2,-1.1999706407558657,1
N#Cc1nn(-c2c(Cl)cc(C(F)(F)F)cc2Cl)c(N)c1SC(F)(F)F,120067-83-6,-1.2403321553103694,1
N#Cc1nn(-c2c(Cl)cc(C(F)(F)F)cc2Cl)c(N)c1[S+]([O-])C(F)(F)F,120068-37-3,-1.0259490972071226,1
N#Cc1nn(-c2c(Cl)cc(C(F)(F)F)cc2Cl)c(N)c1[S@+]([O-])C(F)(F)F,302578-96-7,-1.0204516252959048,1
N#Cc1nn(-c2c(Cl)cc(C(F)(F)F)cc2Cl)c(N)c1[S@@+]([O-])C(F)(F)F,302578-97-8,-1.0074464821678644,1
N#Cc1sc2c(=O)c3ccccc3c(=O)c=2sc1C#N,3347-22-6,-0.7825160557860937,1
N=C(N=C(N)NCCCCCCN=C(N)N=C(N)Nc1ccc(Cl)cc1)Nc1ccc(Cl)cc1,56-95-1,-0.2218487496163563,1
N=C(Nc1ccccc1)Nc1ccccc1,102-06-7,1.230448921378274,1
N=C=O,590-28-3,1.385606273598312,1
NC(=O)C(Cl)Cl,683-72-7,2.3820170425748683,1
NC(=O)N/N=C/c1ccc([N+](=O)[O-])o1,59-87-0,1.0,1
NC(=O)N1c2ccccc2C=Cc2ccccc21,298-46-4,1.6618126855372612,1
NC(=O)c1c(Cl)cccc1Cl,2008-58-4,2.6711728427150834,1
NC(=O)c1ccc(Cl)cc1Cl,2447-79-2,1.9804578922761,1
NC(=O)c1ccc([N+](=O)[O-])cc1,619-80-7,2.123851640967086,1
NC(=O)c1cccc(Br)c1,22726-00-7,1.9758911364017928,1
NC(=O)c1ccccc1N,88-68-6,2.59659709562646,1
NC(=O)c1ccccc1O,65-45-2,2.004321373782642,1
NC(N)=O,57-13-6,0.6989700043360189,1
NC1CCCCC1,108-91-8,1.6434526764861874,1
NCCCCCCN,124-09-4,1.8512583487190752,1
NCCCN,109-76-2,3.0755469613925306,1
NCCCNCCCCNCCCN,306-67-2,2.0791812460476247,1
NCCN,107-15-3,2.322219294733919,1
NCCN1CCNCC1,140-31-8,2.7481880270062,1
NCCNCCN,111-40-0,3.004321373782642,1
NCCO,141-43-5,1.2032700902169777,2
NC[C@@H]1O[C@H](O[C@H]2[C@@H](O)[C@H](O[C@@H]3[C@@H](O)[C@H](N)C[C@H](N)[C@H]3O[C@H]3O[C@H](CN)[C@@H](O)[C@H](O)[C@H]3N)O[C@@H]2CO)[C@H](N)[C@@H](O)[C@@H]1O,1404-04-2,1.9074113607745864,1
NCc1cc(C(F)(F)F)cc(C(F)(F)F)c1,85068-29-7,1.041392685158225,1
NCc1cccc(CN)c1,1477-55-0,1.944482672150169,1
NNC(N)=S,79-19-6,1.3180633349627615,1
Nc1c(Cl)c(Cl)cc(Cl)c1Cl,3481-20-7,-0.5654310959658013,1
Nc1c(Cl)c(Cl)nc(C(=O)O)c1Cl,2545-60-0,1.4986057914162525,2
Nc1c(Cl)c(F)nc(OCC(=O)O)c1Cl,69377-81-7,1.155336037465062,1
Nc1c(Cl)cc(Cl)cc1Cl,634-93-5,0.0,1
Nc1c(Cl)cc([N+](=O)[O-])cc1Cl,99-30-9,1.568201724066995,1
Nc1c(F)c(F)c(F)c(F)c1F,771-60-8,1.569373909615046,1
Nc1c(N=Nc2ccc(-c3ccc(N=Nc4cc(S(=O)(=O)O)c5ccccc5c4N)cc3)cc2)cc(S(=O)(=O)O)c2ccccc12,573-58-0,2.7481880270062,1
Nc1cc(Cl)c(Cl)cc1Cl,636-30-6,0.3747483460101038,1
Nc1cc(Cl)ccc1Cl,95-82-9,0.3424226808222063,1
Nc1ccc(-c2ccc(N)c(Cl)c2)cc1Cl,91-94-1,0.2741578492636798,1
Nc1ccc(-c2ccc(N)cc2)cc1,92-87-5,1.209515014542631,1
Nc1ccc(Br)cc1,106-40-1,1.6766936096248666,1
Nc1ccc(C(=O)Oc2ccccc2)c(O)c1,133-11-9,0.741151598851785,1
Nc1ccc(Cc2ccc(N)c(Cl)c2)cc1Cl,101-14-4,-0.2146701649892329,1
Nc1ccc(Cc2ccc(N)cc2)cc1,101-77-9,1.3222192947339193,1
Nc1ccc(Cl)c(Cl)c1,95-76-1,0.6989700043360189,1
Nc1ccc(Cl)c(Cl)c1Cl,634-67-3,0.5611013836490559,1
Nc1ccc(Cl)cc1Cl,554-00-7,1.3424226808222062,1
Nc1ccc(F)c(C(F)(F)F)c1,2357-47-3,1.4785664955938431,1
Nc1ccc(F)cc1,371-40-4,1.2278867046136734,1
Nc1ccc(F)cc1C(F)(F)F,393-39-5,1.4712917110589383,1
Nc1ccc(N)cc1,106-50-3,-1.1804560644581312,1
Nc1ccc(N=Nc2ccccc2)cc1,60-09-3,-0.4559319556497244,1
Nc1ccc(O)c([N+](=O)[O-])c1,119-34-6,1.5211380837040362,1
Nc1ccc(O)cc1,123-30-8,0.0791812460476248,1
Nc1ccc(Oc2cccc(Oc3ccc(N)cc3)c2)cc1,2479-46-1,0.2787536009528289,1
Nc1ccc(S(=O)(=O)Nc2ccc(Cl)nn2)cc1,80-32-0,2.72916478969277,1
Nc1ccc(S(=O)(=O)O)cc1,121-57-3,2.0,1
Nc1ccc([N+](=O)[O-])cc1,100-01-6,2.096910013008056,1
Nc1ccc([N+](=O)[O-])cc1Cl,121-87-9,1.3096301674258988,1
Nc1ccc([N+](=O)[O-])cc1[N+](=O)[O-],97-02-9,1.1789769472931697,1
Nc1ccc2ccccc2c1,91-59-8,0.5910646070264992,1
Nc1cccc(Cl)c1,108-42-9,-0.832682665251824,1
Nc1cccc(O)c1,591-27-5,2.0791812460476247,1
Nc1cccc(OCc2ccccc2)c1,1484-26-0,0.9609461957338314,1
Nc1cccc([N+](=O)[O-])c1,99-09-2,1.9542425094393248,1
Nc1cccc2cccc(N)c12,479-27-6,0.7481880270062005,1
Nc1ccccc1,62-53-3,1.5587085705331658,1
Nc1ccccc1Cl,95-51-2,0.7101173651118162,1
Nc1ccccc1N,95-54-5,0.6627578316815741,1
Nc1ccccc1[N+](=O)[O-],88-74-4,1.290034611362518,1
Nc1ccncc1,504-24-5,0.3856062735983122,1
Nc1nc[nH]n1,61-82-5,2.380211241711606,1
O=C(CBr)OCC=CCOC(=O)CBr,20679-58-7,-1.6020599913279625,1
O=C(CBr)OCc1ccccc1,5437-45-6,-1.3098039199714864,1
O=C(CBr)c1ccc(O)cc1,2491-38-5,0.1139433523068367,1
O=C(CCN1CCOCC1)Nc1ccc(O)cc1,29235-71-0,1.3521825181113625,1
O=C(CCl)c1ccc(Cl)cc1,937-20-2,1.0681858617461617,1
O=C(Cc1ccc(-c2ccccc2)cc1)OCCF,4301-50-2,-0.0535477349869269,1
O=C(Cl)c1ccccc1,98-88-4,1.5403294747908738,1
O=C(NC(=O)c1c(F)cccc1F)Nc1ccc(Cl)cc1,35367-38-5,2.380211241711606,1
O=C(NC(=O)c1c(F)cccc1F)Nc1ccc(OC(F)(F)C(F)OC(F)(F)F)c(Cl)c1,116714-46-6,1.795184589682424,1
O=C(NC1CCCCC1)OCCCl,31502-57-5,1.5440680443502757,1
O=C(NCCc1ncc(C(F)(F)F)cc1Cl)c1ccccc1C(F)(F)F,658066-35-4,1.6324572921847242,1
O=C(NCc1ncc(C(F)(F)F)cc1Cl)c1c(Cl)cccc1Cl,239110-15-7,-0.1739251972991735,1
O=C(Nc1ccc(Cl)c(Cl)c1)Nc1cc(Cl)ccc1Oc1ccc(Cl)cc1S(=O)(=O)O,3567-25-7,0.6812412373755872,1
O=C(Nc1ccc(Cl)cc1)Nc1ccc(Cl)c(Cl)c1,101-20-2,-1.3279021420642825,1
O=C(Nc1ccccc1)Nc1ccnc(Cl)c1,68157-60-8,0.9444826721501688,1
O=C(Nc1ccccc1)c1ccccc1O,87-17-2,0.5965970956264602,1
O=C(Nc1ccccc1-c1ccc(Cl)cc1)c1cccnc1Cl,188425-85-6,0.4313637641589873,1
O=C(O)C(=NNc1cccc([N+](=O)[O-])c1)C(=O)O,56840-61-0,-0.1674910872937636,1
O=C(O)C(=O)O,62-76-0,3.130333768495006,1
O=C(O)C(Br)Br,631-64-1,1.8388490907372552,1
O=C(O)C(Cl)(Cl)Cl,76-03-9,3.3010299956639813,1
O=C(O)C(F)(F)C(F)(F)C(F)(F)C(F)(F)C(F)(F)C(F)(F)C(F)(F)F,3825-26-1,2.8494194137968996,1
O=C(O)C(O)C(O)C(=O)O,11071-15-1,1.65861367458821,2
O=C(O)C1C(C(=O)O)[C@H]2CC[C@@H]1O2,129-67-9,2.2600713879850747,3
O=C(O)C1C2CCC(O2)C1C(=O)O,17439-94-0,2.0791812460476247,1
O=C(O)CC(O)(CC(=O)O)C(=O)O,134-30-5,0.9877159042546315,2
O=C(O)CCCOc1ccc(Cl)cc1Cl,94-82-6,0.9231685560649026,2
O=C(O)CCl,79-11-8,1.8573324964312683,1
O=C(O)CF,62-74-8,1.7323937598229686,1
O=C(O)CN(CC(=O)O)CC(=O)O,139-13-9,2.3521825181113627,3
O=C(O)CN(CCN(CC(=O)O)CC(=O)O)CC(=O)O,60-00-4,2.9232440186302764,5
O=C(O)CN(CCN(CC(=O)O)CC(=O)O)CCN(CC(=O)O)CC(=O)O,140-01-2,3.0492180226701815,1
O=C(O)CN(CCO)CCN(CC(=O)O)CC(=O)O,150-39-0,2.907411360774586,1
O=C(O)CNCO,70161-44-3,2.0253058652647704,1
O=C(O)CNCP(=O)(O)O,1071-83-6,0.7323937598229685,3
O=C(O)CO,79-14-1,1.8920946026904804,1
O=C(O)COC(CC(=O)O)C(=O)O,34128-01-3,3.255272505103306,1
O=C(O)COc1cc(Cl)c(Cl)cc1Cl,2008-46-0,1.6020599913279625,2
O=C(O)COc1ccc(Cl)cc1Cl,94-75-7,2.314500809643496,6
O=C(O)COc1nc(Cl)c(Cl)cc1Cl,57213-69-1,2.041392685158225,1
O=C(O)CS,68-11-1,1.6020599913279625,1
O=C(O)Cc1c(Cl)ccc(Cl)c1Cl,85-34-7,1.0937603604182313,2
O=C(O)Cc1cccc2ccccc12,86-87-3,1.8808135922807911,1
O=C(O)Cc1ccccc1Nc1c(Cl)cccc1Cl,15307-79-6,2.1958996524092336,1
O=C(O)O,144-55-8,3.219824214781737,2
O=C(O)c1c(Cl)ccc(Cl)c1Cl,50-31-7,0.9294189257142929,1
O=C(O)c1c(Cl)ccc2cc(Cl)cnc12,84087-01-4,1.6989700043360187,1
O=C(O)c1c(Cl)cccc1Cl,50-30-6,2.0791812460476247,1
O=C(O)c1c(F)cccc1F,385-00-2,1.8388490907372552,1
O=C(O)c1cc(Oc2ccc(C(F)(F)F)cc2Cl)ccc1[N+](=O)[O-],62476-59-9,1.4913616938342726,1
O=C(O)c1cc(S(=O)(=O)O)cc(S(=O)(=O)O)c1,121-48-2,1.6211762817750353,1
O=C(O)c1ccc(O)cc1,99-96-7,1.968482948553935,1
O=C(O)c1ccc2ccccc2c1,1338-02-9,0.9013184590414052,2
O=C(O)c1cccc(Cl)n1,4684-94-0,1.9138138523837167,1
O=C(O)c1ccccc1,65-85-0,2.255272505103306,1
O=C(O)c1ccccc1-c1c2ccc(=O)cc-2oc2cc(O)ccc12,518-47-8,3.1367205671564067,1
O=C(O)c1ccccc1C(=O)Nc1cccc2ccccc12,132-66-1,2.5490032620257876,1
O=C(O)c1ccccc1O,54-21-7,2.4627591790887147,2
O=C(O)c1nc(Cl)ccc1Cl,1702-17-6,3.0697821330879247,2
O=C(OC[C@H]1O[C@@H](OC(=O)c2cc(O)c(O)c(OC(=O)c3cc(O)c(O)c(O)c3)c2)[C@H](OC(=O)c2cc(O)c(O)c(OC(=O)c3cc(O)c(O)c(O)c3)c2)[C@@H](OC(=O)c2cc(O)c(O)c(OC(=O)c3cc(O)c(O)c(O)c3)c2)[C@@H]1OC(=O)c1cc(O)c(O)c(OC(=O)c2cc(O)c(O)c(O)c2)c1)c1cc(O)c(O)c(OC(=O)c2cc(O)c(O)c(O)c2)c1,1401-55-4,1.8686444383948255,1
O=C(OCc1ccccc1)c1ccccc1,120-51-4,0.146128035678238,1
O=C(Oc1ccccc1)n1c(C(F)(F)F)nc2cc(Cl)c(Cl)cc21,14255-88-0,-0.4814860601221125,1
O=C(c1ccc(O)cc1)c1ccc(O)c(O)c1O,31127-54-5,1.5563025007672873,1
O=C(c1ccccc1)c1ccccc1,119-61-9,1.0374264979406236,1
O=C(c1ccco1)C(O)c1ccco1,11100-14-4,1.6989700043360187,1
O=C/C=C/c1ccccc1,104-55-2,0.2227164711475832,1
O=C1C(Cl)=C(Cl)C(=O)C(Cl)=C1Cl,118-75-2,-2.0,1
O=C1C(Cl)=C(Cl)C(=O)c2ccccc21,117-80-6,-0.8297382846050426,1
O=C1C2(Cl)C3(Cl)C4(Cl)C(Cl)(Cl)C5(Cl)C3(Cl)C1(Cl)C5(Cl)C24Cl,143-50-0,-1.2924298239020635,1
O=C1C=CC(=O)C=C1,106-51-4,-2.3010299956639813,1
O=C1C=CC(=O)O1,108-31-6,2.361727836017593,1
O=C1C=CC(=O)c2c(O)cccc21,481-39-0,-1.4621809049267258,1
O=C1C=CC(=O)c2c1c(O)c1c(NCCO)ccc(NCCO)c1c2O,3179-90-6,1.7160033436347992,1
O=C1CCCCC1,108-94-1,2.7218106152125467,1
O=C1CCCCCCCCCCCN1,947-04-6,1.740362689494244,1
O=C1C[C@@H]2OCC=C3CN4CC[C@]56c7ccccc7N1[C@H]5[C@H]2[C@H]3C[C@H]46,57-24-9,-0.007578884297362001,2
O=C1N(CO)C2C(N1CO)N(CO)C(=O)N2CO,5395-50-6,1.9289076902439528,1
O=C1NC(=O)c2ccccc21,85-41-6,2.0,1
O=C1OCCN1/N=C/c1ccc([N+](=O)[O-])o1,67-45-8,1.3979400086720375,1
O=C1OCc2c(Cl)c(Cl)c(Cl)c(Cl)c21,27355-22-2,1.7075701760979365,1
O=C1c2ccccc2C(=O)C1C(=O)C(c1ccccc1)c1ccc(Cl)cc1,3691-35-8,-0.5985994592184558,1
O=C1c2ccccc2C(=O)C1C(=O)C(c1ccccc1)c1ccccc1,82-66-6,0.320146286111054,1
O=C1c2ccccc2C(=O)N1CCCCBr,5394-18-3,0.7923916894982539,1
O=C1c2ccccc2C(=O)N1SC(Cl)(Cl)Cl,133-07-3,0.0969100130080564,1
O=CC(=O)O,298-12-4,1.6127838567197357,1
O=CCCCC=O,111-30-8,1.0,1
O=CCCl,107-20-0,0.5250448070368452,1
O=CN(c1ccccc1)c1ccccc1,607-00-1,1.4199557484897578,1
O=CNC(N1CCN(C(NC=O)C(Cl)(Cl)Cl)CC1)C(Cl)(Cl)Cl,26644-46-2,1.3304137733491908,1
O=CNC(Nc1ccc(Cl)c(Cl)c1)C(Cl)(Cl)Cl,20856-57-9,0.568201724066995,1
O=CO,141-53-7,2.434791853856712,2
O=Cc1c(F)c(F)c(F)c(F)c1F,653-37-2,0.041392685158225,1
O=Cc1c(F)cccc1Cl,387-45-1,0.9735896234272567,1
O=Cc1c([N+](=O)[O-])cc([N+](=O)[O-])cc1[N+](=O)[O-],606-34-8,0.0,1
O=Cc1cc(Br)cc(Br)c1O,90-59-5,-0.0705810742857072,1
O=Cc1cc(Br)ccc1O,1761-61-1,0.1139433523068367,1
O=Cc1cc(Cl)ccc1O,635-93-8,-0.1135092748275181,1
O=Cc1cc(O)ccc1[N+](=O)[O-],42454-06-8,1.6222140229662954,1
O=Cc1cc([N+](=O)[O-])ccc1Cl,6361-21-3,0.6222140229662954,1
O=Cc1ccc(Cl)cc1,104-88-1,0.3424226808222063,1
O=Cc1ccc(Cl)cc1Cl,874-42-0,0.255272505103306,1
O=Cc1ccc(O)cc1O,95-01-2,1.1172712956557642,1
O=Cc1ccc(Oc2ccccc2)cc1,67-36-7,0.6627578316815741,1
O=Cc1cccc(C(F)(F)F)c1,454-89-7,-0.0362121726544447,1
O=Cc1cccc([N+](=O)[O-])c1,99-61-6,0.7634279935629373,1
O=Cc1ccccc1,100-52-7,0.8813846567705729,1
O=Cc1ccccc1C=O,643-79-8,-1.6989700043360187,1
O=Cc1ccccc1Cl,89-98-5,0.3891660843645325,1
O=Cc1ccccc1F,446-52-6,0.1367205671564068,1
O=Cc1ccccc1O,90-02-8,0.3617278360175928,1
O=Cc1ccccc1[N+](=O)[O-],552-89-6,1.2201080880400552,1
O=Cc1ccco1,98-01-1,1.2068258760318498,1
O=NN(c1ccccc1)c1ccccc1,86-30-6,0.7634279935629373,1
O=P(O)(O)CCCl,16672-87-0,2.060697840353612,1
O=P(O)(O)OCC(Cl)(Cl)Cl,306-52-5,2.322219294733919,1
O=P(OC(CCl)CCl)(OC(CCl)CCl)OC(CCl)CCl,13674-87-8,0.7075701760979364,1
O=P(OCC(Br)CBr)(OCC(Br)CBr)OCC(Br)CBr,126-72-7,0.2787536009528289,1
O=P(Oc1ccccc1)(Oc1ccccc1)Oc1ccccc1,115-86-6,-0.1804560644581313,1
O=S(=O)(C(Cl)(Cl)Cl)C(Cl)(Cl)Cl,3064-70-8,-1.537602002101044,1
O=S(=O)(O)C(F)(F)C(F)(F)C(F)(F)C(F)(F)C(F)(F)C(F)(F)C(F)(F)C(F)(F)F,2795-39-3,1.1952025782400404,2
O=S(=O)(O)c1ccc(N=Nc2c(O)ccc3ccccc23)cc1,633-96-5,2.2174839442139063,1
O=S(=O)(O)c1cccc(N=Nc2ccc(Nc3ccccc3)cc2)c1,587-98-4,2.1903316981702914,1
O=S(=O)(Oc1ccc(Cl)cc1)c1ccc(Cl)cc1,80-33-1,-0.2076083105017461,1
O=S(=O)(Oc1ccc(Cl)cc1)c1ccccc1,80-38-6,0.7075701760979364,1
O=S(=O)([O-])c1ccc[n+](Cc2ccccc2)c1,69723-94-0,3.3820170425748683,1
O=S(=O)(c1ccc(Cl)cc1)c1cc(Cl)c(Cl)cc1Cl,116-29-0,-0.0555173278498313,1
O=S1(=O)N2CN3CN1CN(C2)S3(=O)=O,80-12-6,-1.2518119729937995,1
O=S1(=O)OCC2C(CO1)C1(Cl)C(Cl)=C(Cl)C2(Cl)C1(Cl)Cl,1031-07-8,-2.853871964321762,1
O=S1OCC2C(CO1)C1(Cl)C(Cl)=C(Cl)C2(Cl)C1(Cl)Cl,115-29-7,-2.744727494896694,1
O=S1OC[C@@H]2[C@H](CO1)[C@]1(Cl)C(Cl)=C(Cl)[C@@]2(Cl)C1(Cl)Cl,959-98-8,-2.988168040901103,2
O=[N+]([O-])C(Br)(CO)CO,52-51-7,1.3010299956639813,1
O=[N+]([O-])C(Br)=Cc1ccccc1,7166-19-0,-0.958607314841775,1
O=[N+]([O-])C(CO)(CO)CO,126-11-4,2.447158031342219,1
O=[N+]([O-])C(Cl)(Cl)Cl,76-06-2,-2.289036881004724,1
O=[N+]([O-])CC1=NCCCS1,58842-20-9,2.0681858617461617,1
O=[N+]([O-])N1CN([N+](=O)[O-])CN([N+](=O)[O-])C1,121-82-4,1.041392685158225,1
O=[N+]([O-])NC1=NCCN1Cc1ccc(Cl)nc1,138261-41-3,2.359835482339888,1
O=[N+]([O-])OCC(CO[N+](=O)[O-])O[N+](=O)[O-],55-63-0,0.3222192947339193,1
O=[N+]([O-])OCCOCCO[N+](=O)[O-],693-21-0,2.444044795918076,1
O=[N+]([O-])c1c(Cl)c(Cl)c(Cl)c(Cl)c1Cl,82-68-8,-0.494850021680094,1
O=[N+]([O-])c1c(Cl)cc(Cl)c([N+](=O)[O-])c1Cl,6284-83-9,-0.6536470255493614,1
O=[N+]([O-])c1cc(Br)c(O)c(Br)c1,99-28-5,0.2278867046136735,1
O=[N+]([O-])c1cc(C(F)(F)F)c(Cl)c([N+](=O)[O-])c1Nc1ncc(C(F)(F)F)cc1Cl,79622-59-6,-1.4436974992327127,1
O=[N+]([O-])c1cc([N+](=O)[O-])c(Cl)cc1Cl,3698-83-7,-1.45717457304082,1
O=[N+]([O-])c1cc([N+](=O)[O-])c(O)c([N+](=O)[O-])c1,88-89-1,2.230448921378274,1
O=[N+]([O-])c1cc([N+](=O)[O-])c2ccccc2c1O,101836-92-4,1.5987905067631152,1
O=[N+]([O-])c1cc([N+](=O)[O-])c2conc2c1,29245-51-0,-0.7958800173440752,1
O=[N+]([O-])c1cc([N+](=O)[O-])cc([N+](=O)[O-])c1,99-35-4,0.041392685158225,1
O=[N+]([O-])c1ccc(/C=C/c2cccc(CO)n2)o1,13411-16-0,0.0,1
O=[N+]([O-])c1ccc(CCl)cc1,100-14-1,-0.2146701649892329,1
O=[N+]([O-])c1ccc(Cc2ccccn2)c([N+](=O)[O-])c1,1151-97-9,1.3617278360175928,1
O=[N+]([O-])c1ccc(Cl)c(Cl)c1,99-54-7,0.6720978579357175,1
O=[N+]([O-])c1ccc(Cl)c([N+](=O)[O-])c1,97-00-7,-0.7958800173440752,1
O=[N+]([O-])c1ccc(Cl)cc1,100-00-5,1.1760912590556811,1
O=[N+]([O-])c1ccc(F)c(Cl)c1,350-30-1,0.3010299956639812,1
O=[N+]([O-])c1ccc(F)cc1,350-46-9,1.4533183400470375,1
O=[N+]([O-])c1ccc(O)c([N+](=O)[O-])c1,51-28-5,1.0453229787866574,1
O=[N+]([O-])c1ccc(O)cc1,100-02-7,0.7481880270062005,1
O=[N+]([O-])c1ccc(O)cc1C(F)(F)F,88-30-2,0.7116720968163938,2
O=[N+]([O-])c1ccc(ON=Cc2cc(Br)c(O)c(Br)c2)c([N+](=O)[O-])c1,13181-17-4,-0.744727494896694,1
O=[N+]([O-])c1ccc(Oc2c(Cl)cc(Cl)cc2Cl)cc1,1836-77-7,-0.1135092748275181,1
O=[N+]([O-])c1ccc(Oc2ccc(C(F)(F)F)cc2[N+](=O)[O-])cc1,15457-05-3,-0.5686362358410126,1
O=[N+]([O-])c1ccc(Oc2ccc(Cl)cc2Cl)cc1,1836-75-5,1.414973347970818,1
O=[N+]([O-])c1ccc([N+](=O)[O-])c(O)c1,329-71-5,0.5263392773898441,1
O=[N+]([O-])c1ccc([N+](=O)[O-])cc1,100-25-4,0.2304489213782739,1
O=[N+]([O-])c1ccc2c(N=Nc3ccc4ccccc4c3O)c(O)cc(S(=O)(=O)O)c2c1,1787-61-7,0.7781512503836436,1
O=[N+]([O-])c1cccc(Cl)c1,121-73-3,0.0791812460476248,1
O=[N+]([O-])c1cccc(Cl)c1Cl,3209-22-1,1.57978359661681,1
O=[N+]([O-])c1cccc([N+](=O)[O-])c1,99-65-0,0.8450980400142568,1
O=[N+]([O-])c1cccc([N+](=O)[O-])c1O,573-56-8,1.5987905067631152,1
O=[N+]([O-])c1cccc2ccccc12,86-57-7,0.9542425094393248,1
O=[N+]([O-])c1ccccc1,98-95-3,1.6334684555795866,1
O=[N+]([O-])c1ccccc1Cl,88-73-3,1.5390760987927767,1
O=[N+]([O-])c1ccccc1Oc1ccc(Cl)cc1,39145-47-6,0.2833012287035495,1
O=[N+]([O-])c1ccccc1[N+](=O)[O-],528-29-0,-0.2218487496163563,1
O=c1[nH]c(=O)[nH]c(=O)[nH]1,108-80-5,-0.2076083105017461,1
O=c1[nH]c(=O)n(Cl)c(=O)n1Cl,2244-21-5,-0.5559552040819238,3
O=c1[nH]c(Cl)c(Cl)cc1Cl,6515-38-4,0.1760912590556812,1
O=c1[nH]sc2ccccc12,2634-33-5,-0.2676062401770315,1
O=c1c(C(CC(O)c2ccc(-c3ccc(Br)cc3)cc2)c2ccccc2)c(O)oc2ccccc12,28772-56-7,0.146128035678238,1
O=c1c(C2CC(c3ccc(-c4ccc(Br)cc4)cc3)Cc3ccccc32)c(O)oc2ccccc12,56073-10-0,-1.6989700043360187,1
O=c1c(C2CC(c3ccc(-c4ccc(Br)cc4)cc3)Cc3ccccc32)c(O)sc2ccccc12,104653-34-1,-1.2924298239020635,1
O=c1c(Cc2c(O)oc3ccccc3c2=O)c(O)oc2ccccc12,66-76-2,0.7084209001347128,1
O=c1ccc(=O)[nH][nH]1,123-33-1,2.096910013008056,1
O=c1ccc2ccccc2o1,91-64-5,1.7481880270062005,1
O=c1cccc(Cl)[nH]1,16879-02-0,2.330413773349191,1
O=c1n(Cl)c(=O)n(Cl)c(=O)n1Cl,87-90-1,-1.0969100130080565,1
O=c1nccc[nH]1,55949-38-7,3.0791812460476247,1
O=c1ssc(Cl)c1Cl,1192-52-5,-1.853871964321762,1
OC(Cc1ccccc1Cl)(Cn1[nH]cnc1=S)C1(Cl)CC1,178928-70-6,0.7427251313046983,1
OC(Cn1cncn1)(c1ccc(F)cc1)c1ccccc1F,76674-21-0,1.3010299956639813,1
OC(c1ccc(Cl)cc1)(c1ccc(Cl)cc1)C(Cl)(Cl)Cl,115-32-2,-0.5228787452803376,1
OC(c1ccc(Cl)cc1)(c1ccc(Cl)cc1)C1CC1,14088-71-2,0.3222192947339193,1
OC(c1ccc(Cl)cc1)(c1cncnc1)c1ccccc1Cl,60168-88-9,0.255272505103306,1
OCC(Br)CBr,96-13-9,1.8512583487190752,1
OCC(Cl)(Cl)Cl,115-20-8,2.2380461031287955,1
OCCCCl,627-30-5,2.9036325160842376,1
OCCCc1cccnc1,2859-67-8,2.1760912590556813,1
OCCCl,107-07-3,1.1818435879447726,1
OCCN(CCO)CCO,82027-59-6,1.7075701760979365,1
OCCNCCO,111-42-2,3.1702617153949575,1
OCCO,107-21-1,4.722633922533812,1
OCCOCCOCCO,112-27-6,4.9661417327390325,1
OCCOc1ccccc1,122-99-6,2.53655844257153,1
OC[P+](CO)(CO)CO,55566-30-8,1.9731278535996983,1
OCc1cccc(Oc2ccccc2)c1,13826-35-2,0.5797835966168101,1
OCc1ccccc1,100-51-6,1.0,1
OCc1ccoc1,4412-91-3,2.7058637122839193,1
ON=C1CCCCC1,100-64-1,2.3180633349627615,1
Oc1c(Br)cc(Br)cc1Br,118-79-6,0.7958800173440752,1
Oc1c(Cl)c(Cl)c(Cl)c(Cl)c1Cl,87-86-5,-0.6777807052660807,3
Oc1c(Cl)c(Cl)cc(Cl)c1Cl,935-95-5,-0.7695510786217261,1
Oc1c(Cl)cc(Cl)c(Cl)c1Cc1c(O)c(Cl)cc(Cl)c1Cl,70-30-4,-1.2437245035478945,2
Oc1c(Cl)cc(Cl)c(Cl)c1Cl,58-90-2,0.0128372247051722,1
Oc1c(Cl)cc(Cl)cc1Cl,88-06-2,-1.0,1
Oc1c(Cl)cccc1Cl,87-65-0,0.8864907251724818,1
Oc1c2c(c(O)n1SC(Cl)(Cl)C(Cl)Cl)CC=CC2,2939-80-2,-1.5686362358410126,1
Oc1c2c(c(O)n1SC(Cl)(Cl)Cl)CC=CC2,133-06-2,-0.0506099933550872,1
Oc1cc(Cl)c(Cl)c(Cl)c1Cl,25167-83-3,-1.0705810742857071,1
Oc1cc(Cl)c(Cl)cc1Cl,95-95-4,-0.3467874862246563,1
Oc1cc(Cl)c(Cl)cc1O,3428-24-8,-0.0501222959631252,1
Oc1cc(Cl)cc(Cl)c1,591-35-5,0.3617278360175928,1
Oc1cc(Cl)ccc1Cl,583-78-8,0.5185139398778874,1
Oc1cc(Cl)ccc1Oc1ccc(Cl)cc1Cl,3380-34-5,-0.3990271043132517,1
Oc1ccc(-c2ccc(O)cc2)cc1,92-88-6,1.1139433523068367,1
Oc1ccc(-c2ccccc2)cc1Cl,92-04-6,-0.6575773191777937,1
Oc1ccc(Br)cc1,106-41-2,0.9395192526186184,1
Oc1ccc(Cc2ccc(O)cc2)cc1,620-92-8,1.1139433523068367,1
Oc1ccc(Cl)c(Cl)c1,95-77-2,0.2787536009528289,1
Oc1ccc(Cl)c(Cl)c1Cl,15950-66-0,0.041392685158225,1
Oc1ccc(Cl)cc1,106-48-9,0.5797835966168101,1
Oc1ccc(Cl)cc1Cc1cc(Cl)ccc1O,97-23-4,-0.5086383061657274,1
Oc1ccc(Cl)cc1Cc1ccccc1,120-32-1,-0.4814860601221125,1
Oc1ccc(Cl)cc1Cl,120-83-2,0.2455126678141498,1
Oc1ccc(N=Nc2ccccc2)cc1,1689-82-3,0.2148438480476978,1
Oc1ccc(O)cc1,123-31-9,-0.1951793212788376,1
Oc1ccc(Oc2ccccc2)cc1,831-82-3,0.6946051989335688,1
Oc1ccc2ccccc2c1,135-19-3,0.5390760987927766,1
Oc1ccc2ccccc2c1Cc1c(O)ccc2ccccc12,1096-84-0,-2.0457574905606752,1
Oc1cccc(Cl)c1,108-43-0,0.6532125137753437,1
Oc1cccc(Cl)c1Cl,576-24-9,0.6020599913279624,1
Oc1cccc(O)c1,108-46-3,1.6946051989335686,1
Oc1cccc2ccccc12,90-15-3,0.5526682161121932,1
Oc1cccc2cccnc12,134-31-6,0.3979400086720376,3
Oc1ccccc1,108-95-2,1.3961993470957363,1
Oc1ccccc1-c1ccccc1,132-27-4,0.8450980400142568,1
Oc1ccccc1Cl,95-57-8,0.9735896234272567,1
Oc1ccccc1O,120-80-9,0.9493900066449128,1
On1ccccc1=S,15922-78-8,-1.2676062401770314,1
S=C(S)NCCNC(=S)S,142-59-6,1.155336037465062,3
S=C(S)SS,7345-69-9,1.3222192947339193,1
S=C1NCCN1,96-45-7,3.8750612633917,1
S=C=S,75-15-0,0.4756711883244297,1
S=c1[nH]c2cc(Cl)ccc2s1,5331-91-9,0.5065050324048721,1
S=c1[nH]c2ccccc2s1,149-30-4,0.5680430486920487,2
Sc1ccccc1,108-98-5,-2.0457574905606752,1
[O-]/[N+](=N\O)C1CCCCC1,15627-09-5,-0.7695510786217261,1
[O-][S+](c1ccc(Cl)cc1)c1ccc(Cl)cc1,3085-42-5,0.3521825181113625,1
[O-][S+]1CCON=C1c1cc2ccccc2s1,163269-30-5,-1.8860566476931633,1
[O-][n+]1ccccc1S,13463-41-7,-2.571865205971211,1
c1cc2c3c(cccc3c1)CC2,83-32-9,0.2304489213782739,1
c1cc[n+]2c(c1)-c1cccc[n+]1CC2,85-00-7,1.5713276715764959,2
c1cc[nH]c1,109-97-7,2.322219294733919,1
c1ccc(-c2ccc(-c3ccccc3)o2)cc1,955-83-9,-1.3010299956639813,1
c1ccc(-c2cccc(-c3ccccc3)c2)cc1,92-06-8,0.4913616938342727,1
c1ccc(-c2ccccc2)cc1,92-52-4,0.4683473304121572,1
c1ccc(-c2ccccc2-c2ccccc2)cc1,84-15-1,-0.9208187539523752,1
c1ccc(C(c2ccccc2)(c2ccccc2)N2CCOCC2)cc1,1420-06-0,-1.0969100130080565,1
c1ccc(C2CO2)cc1,96-09-3,1.0293837776852095,1
c1ccc(CNc2ncnc3[nH]cnc23)cc1,1214-39-7,1.3304137733491908,1
c1ccc(CNc2ncnc3c2ncn3C2CCCCO2)cc1,2312-73-4,0.380211241711606,1
c1ccc(COCc2ccccc2)cc1,103-50-4,0.8325089127062363,1
c1ccc(NNc2ccccc2)cc1,122-66-7,-0.5686362358410126,1
c1ccc(Oc2ccccc2)cc1,101-84-8,0.4814426285023049,1
c1ccc(SSc2ccccc2)cc1,882-33-7,-1.2365720064370629,1
c1ccc2[nH]c(-c3cscn3)nc2c1,148-79-8,0.3909351071033791,1
c1ccc2c(c1)-c1cccc3cccc-2c13,206-44-0,-0.728158393463501,1
c1ccc2c(c1)Cc1ccccc1-2,86-73-7,-0.1191864077192086,1
c1ccc2c(c1)ccc1ccccc12,85-01-8,-0.6307841425898572,1
c1ccc2c(c1)ccc1oc3ccccc3c12,205-39-0,-0.0705810742857072,1
c1ccc2c(c1)oc1ccccc12,132-64-9,0.0569048513364725,1
c1ccc2c(c1)sc1ccccc12,132-65-0,0.146128035678238,1
c1ccc2cc3ccccc3cc2c1,120-12-7,-2.4271283977995197,1
c1ccc2cccc-2cc1,275-51-4,0.9542425094393248,1
c1ccc2ccccc2c1,91-20-3,1.0,1
c1ccc2nc3ccccc3cc2c1,260-94-6,0.4623979978989561,1
c1ccc2ncccc2c1,91-22-5,1.890979596989689,1
c1ccc2oc(-c3ccc(-c4nc5ccccc5o4)s3)nc2c1,2866-43-5,3.0,1
c1ccc2sc(SNC3CCCCC3)nc2c1,95-33-0,0.3222192947339193,1
c1ccc2sc(SSN3CCOCC3)nc2c1,95-32-9,-0.3098039199714863,1
c1ccc2scnc2c1,95-16-9,1.591064607026499,1
c1ccccc1,71-43-2,1.5526682161121932,1
c1ccncc1,110-86-1,1.99563519459755,1
c1ccoc1,110-00-9,1.7853298350107671,1
c1ccsc1,110-02-1,1.4913616938342726,1
c1cn[nH]c1,288-13-1,3.342422680822206,1
c1cnc2c(c1)CCCC2,10500-57-9,1.568201724066995,1
c1csc(-c2cccs2)c1,56902-08-0,0.255272505103306,1
c1nc[nH]n1,288-88-0,2.6972293427597176,1
